Time,Energy,Temperature
2005-01-01,7658,4.2
2005-01-02,2900,1.8
2005-01-03,6256,2.7
2005-01-04,766,4.3
2005-01-05,1269,-0.6
2005-01-06,7773,-5.1
2005-01-07,7811,-6.2
2005-01-08,3793,-2.7
2005-01-09,7172,2.8
2005-01-10,4841,3.7
2005-01-11,2360,4.5
2005-01-12,873,2.2
2005-01-13,7924,-4.9
2005-01-14,7821,-4.9
2005-01-15,7785,-3.8
2005-01-16,5706,-2.4
2005-01-17,5086,0.3
2005-01-18,2878,3.1
2005-01-19,5484,5.7
2005-01-20,7573,7.2
2005-01-21,3802,6.8
2005-01-22,4112,5.0
2005-01-23,6898,5.4
2005-01-24,7775,6.5
2005-01-25,7786,5.9
2005-01-26,2212,4.7
2005-01-27,4071,4.7
2005-01-28,4439,4.8
2005-01-29,1023,2.3
2005-01-30,1062,1.9
2005-01-31,1959,0.1
2005-02-01,6431,-1.6
2005-02-02,7945,-3.8
2005-02-03,7799,-1.9
2005-02-04,8045,0.1
2005-02-05,6112,1.2
2005-02-06,2530,2.8
2005-02-07,1456,1.5
2005-02-08,2981,1.1
2005-02-09,8224,-2.5
2005-02-10,4955,1.8
2005-02-11,3709,5.2
2005-02-12,1512,6.3
2005-02-13,8020,6.7
2005-02-14,7769,5.0
2005-02-15,7092,5.5
2005-02-16,1171,4.8
2005-02-17,7605,4.9
2005-02-18,2313,5.2
2005-02-19,3822,5.3
2005-02-20,6477,4.5
2005-02-21,7196,3.9
2005-02-22,2735,4.9
2005-02-23,937,3.4
2005-02-24,8144,3.1
2005-02-25,5566,2.5
2005-02-26,4633,2.2
2005-02-27,6904,2.7
2005-02-28,7868,3.3
2005-03-01,6036,4.5
2005-03-02,8123,4.9
2005-03-03,5930,6.1
2005-03-04,7999,6.6
2005-03-05,5425,7.8
2005-03-06,7629,7.7
2005-03-07,7869,7.7
2005-03-08,5164,7.9
2005-03-09,6710,7.2
2005-03-10,7581,5.8
2005-03-11,6938,5.8
2005-03-12,7896,5.8
2005-03-13,993,8.2
2005-03-14,1579,1.1
2005-03-15,7463,-1.3
2005-03-16,6231,-2.6
2005-03-17,6231,0.5
2005-03-18,5247,2.9
2005-03-19,6791,4.6
2005-03-20,5667,6.9
2005-03-21,3252,6.0
2005-03-22,7770,7.0
2005-03-23,3662,7.9
2005-03-24,4421,6.7
2005-03-25,1173,5.2
2005-03-26,4009,4.3
2005-03-27,7628,4.5
2005-03-28,4387,10.2
2005-03-29,3642,8.8
2005-03-30,3424,5.1
2005-03-31,3846,3.1
2005-04-01,7521,6.1
2005-04-02,7226,9.7
2005-04-03,6881,10.4
2005-04-04,5857,11.3
2005-04-05,2239,9.0
2005-04-06,7508,10.2
2005-04-07,7494,10.7
2005-04-08,4001,12.2
2005-04-09,6220,9.5
2005-04-10,1367,5.1
2005-04-11,6515,4.5
2005-04-12,7338,8.5
2005-04-13,7413,11.6
2005-04-14,6162,13.5
2005-04-15,5040,12.4
2005-04-16,5075,11.8
2005-04-17,4091,12.5
2005-04-18,7018,12.9
2005-04-19,7103,13.2
2005-04-20,7006,13.4
2005-04-21,7069,10.9
2005-04-22,6592,11.1
2005-04-23,6469,12.8
2005-04-24,1840,11.6
2005-04-25,4222,8.8
2005-04-26,6307,10.9
2005-04-27,4606,11.1
2005-04-28,3279,11.2
2005-04-29,3040,8.8
2005-04-30,5418,8.3
2005-05-01,2070,8.1
2005-05-02,2580,7.8
2005-05-03,5486,9.2
2005-05-04,4819,11.2
2005-05-05,4940,13.3
2005-05-06,3966,14.3
2005-05-07,5623,11.0
2005-05-08,4175,11.6
2005-05-09,5365,14.0
2005-05-10,6366,16.0
2005-05-11,4780,15.2
2005-05-12,5786,11.2
2005-05-13,3974,12.4
2005-05-14,4257,14.4
2005-05-15,5730,15.0
2005-05-16,5667,15.9
2005-05-17,5674,18.3
2005-05-18,5733,16.6
2005-05-19,6080,20.3
2005-05-20,5343,23.0
2005-05-21,5378,23.8
2005-05-22,5937,23.4
2005-05-23,5054,23.5
2005-05-24,5182,22.9
2005-05-25,5378,21.4
2005-05-26,4524,18.6
2005-05-27,5927,18.4
2005-05-28,4336,19.5
2005-05-29,4659,18.3
2005-05-30,2237,17.4
2005-05-31,4977,16.0
2005-06-01,5408,17.4
2005-06-02,5621,20.1
2005-06-03,5087,18.8
2005-06-04,3571,14.4
2005-06-05,5903,14.8
2005-06-06,5316,19.5
2005-06-07,5850,19.8
2005-06-08,5852,19.0
2005-06-09,3481,19.6
2005-06-10,3151,17.0
2005-06-11,5092,15.3
2005-06-12,5516,16.2
2005-06-13,5824,16.2
2005-06-14,5717,18.9
2005-06-15,4507,21.6
2005-06-16,5511,24.0
2005-06-17,5711,22.9
2005-06-18,5712,23.7
2005-06-19,5744,24.9
2005-06-20,4334,26.0
2005-06-21,4816,26.1
2005-06-22,3752,25.6
2005-06-23,4604,23.7
2005-06-24,3857,23.2
2005-06-25,2957,22.8
2005-06-26,3970,22.3
2005-06-27,5673,23.1
2005-06-28,3809,24.1
2005-06-29,5733,23.0
2005-06-30,4958,24.1
2005-07-01,4373,24.4
2005-07-02,5681,25.0
2005-07-03,5067,24.7
2005-07-04,4190,23.1
2005-07-05,4885,23.6
2005-07-06,4811,24.6
2005-07-07,5307,25.8
2005-07-08,3523,26.3
2005-07-09,3816,26.2
2005-07-10,5312,25.8
2005-07-11,5726,26.4
2005-07-12,4814,27.9
2005-07-13,5510,27.7
2005-07-14,5142,28.0
2005-07-15,4965,28.0
2005-07-16,4244,27.8
2005-07-17,3689,28.3
2005-07-18,5369,26.5
2005-07-19,5987,27.5
2005-07-20,5341,29.1
2005-07-21,5505,29.5
2005-07-22,5955,29.3
2005-07-23,3730,29.1
2005-07-24,5013,27.3
2005-07-25,2632,25.4
2005-07-26,5276,22.9
2005-07-27,5564,22.1
2005-07-28,5525,24.7
2005-07-29,6005,26.4
2005-07-30,5968,27.7
2005-07-31,5045,27.6
2005-08-01,5835,27.9
2005-08-02,4858,27.4
2005-08-03,4832,26.1
2005-08-04,1159,21.4
2005-08-05,3893,18.9
2005-08-06,5787,22.2
2005-08-07,5677,23.9
2005-08-08,6288,25.0
2005-08-09,5262,25.7
2005-08-10,4171,25.7
2005-08-11,3060,23.2
2005-08-12,5107,20.5
2005-08-13,3417,21.1
2005-08-14,4381,18.3
2005-08-15,5447,19.3
2005-08-16,4436,20.8
2005-08-17,6259,20.9
2005-08-18,6203,21.8
2005-08-19,5330,22.2
2005-08-20,4981,22.6
2005-08-21,5458,22.0
2005-08-22,4942,22.1
2005-08-23,4280,21.9
2005-08-24,5042,22.1
2005-08-25,5431,22.8
2005-08-26,5154,21.9
2005-08-27,3925,21.7
2005-08-28,6188,22.4
2005-08-29,6857,22.6
2005-08-30,7004,24.0
2005-08-31,6455,23.2
2005-09-01,6319,21.9
2005-09-02,6179,22.2
2005-09-03,4316,22.8
2005-09-04,5089,22.3
2005-09-05,3627,23.5
2005-09-06,4852,23.2
2005-09-07,5388,22.9
2005-09-08,5041,22.9
2005-09-09,5360,22.4
2005-09-10,6330,21.6
2005-09-11,7162,20.6
2005-09-12,7378,20.5
2005-09-13,7240,19.3
2005-09-14,5404,16.7
2005-09-15,7523,16.5
2005-09-16,7015,18.4
2005-09-17,7668,20.1
2005-09-18,7741,19.7
2005-09-19,7601,20.1
2005-09-20,6239,20.7
2005-09-21,2798,22.0
2005-09-22,2222,20.8
2005-09-23,6086,17.8
2005-09-24,5654,20.3
2005-09-25,7635,20.1
2005-09-26,7505,19.0
2005-09-27,5889,20.5
2005-09-28,1522,16.6
2005-09-29,3232,14.1
2005-09-30,7318,16.8
2005-10-01,7156,18.4
2005-10-02,7614,18.3
2005-10-03,7630,18.0
2005-10-04,3960,19.0
2005-10-05,4994,12.9
2005-10-06,6955,11.6
2005-10-07,7892,13.7
2005-10-08,7761,15.2
2005-10-09,1954,14.0
2005-10-10,929,7.1
2005-10-11,3725,8.0
2005-10-12,6393,10.6
2005-10-13,7700,11.5
2005-10-14,7613,12.2
2005-10-15,5343,13.1
2005-10-16,6808,12.2
2005-10-17,7605,12.8
2005-10-18,7050,13.0
2005-10-19,1760,12.3
2005-10-20,5499,11.8
2005-10-21,6925,12.0
2005-10-22,7587,12.1
2005-10-23,1419,10.7
2005-10-24,7896,11.2
2005-10-25,6267,11.8
2005-10-26,5579,11.1
2005-10-27,5122,10.6
2005-10-28,3418,10.4
2005-10-29,7034,10.1
2005-10-30,3133,8.3
2005-10-31,7841,6.9
2005-11-01,6964,9.6
2005-11-02,5715,10.4
2005-11-03,4810,11.3
2005-11-04,7216,10.5
2005-11-05,5684,8.9
2005-11-06,6301,8.4
2005-11-07,6400,10.4
2005-11-08,7436,11.1
2005-11-09,3912,10.8
2005-11-10,4246,11.7
2005-11-11,3898,11.0
2005-11-12,7695,9.2
2005-11-13,5548,7.8
2005-11-14,6439,8.7
2005-11-15,6847,3.2
2005-11-16,7495,4.1
2005-11-17,4295,3.7
2005-11-18,7625,2.1
2005-11-19,6842,1.6
2005-11-20,7493,1.8
2005-11-21,7581,4.8
2005-11-22,7756,6.9
2005-11-23,7578,5.6
2005-11-24,6003,2.3
2005-11-25,7761,1.1
2005-11-26,6233,2.3
2005-11-27,4413,2.0
2005-11-28,7732,-1.4
2005-11-29,7490,-0.8
2005-11-30,7155,3.1
2005-12-01,5774,2.3
2005-12-02,6611,5.6
2005-12-03,813,4.3
2005-12-04,3569,-3.0
2005-12-05,7824,-5.3
2005-12-06,4070,-4.9
2005-12-07,6625,-8.6
2005-12-08,7984,-10.8
2005-12-09,7758,-7.3
2005-12-10,7627,-4.1
2005-12-11,7493,-3.3
2005-12-12,4581,-0.8
2005-12-13,6755,-1.6
2005-12-14,7865,-5.4
2005-12-15,7860,-8.3
2005-12-16,4146,-6.9
2005-12-17,7432,-6.1
2005-12-18,6755,-4.3
2005-12-19,6572,-0.8
2005-12-20,7080,3.2
2005-12-21,5932,5.2
2005-12-22,3629,5.1
2005-12-23,6898,5.2
2005-12-24,7373,3.3
2005-12-25,7352,1.9
2005-12-26,7134,-0.3
2005-12-27,7487,1.4
2005-12-28,5241,1.0
2005-12-29,7307,1.8
2005-12-30,6682,-2.2
2005-12-31,3811,1.3
2006-01-01,5233,3.7
2006-01-02,6730,2.2
2006-01-03,6395,5.3
2006-01-04,7202,2.3
2006-01-05,7574,2.3
2006-01-06,6615,5.7
2006-01-07,6665,5.3
2006-01-08,6318,5.0
2006-01-09,6561,-0.2
2006-01-10,7027,0.8
2006-01-11,5366,3.5
2006-01-12,5522,2.3
2006-01-13,7619,-0.8
2006-01-14,7294,0.0
2006-01-15,3571,-0.9
2006-01-16,3809,-2.2
2006-01-17,6870,-5.2
2006-01-18,7213,-0.7
2006-01-19,1915,2.5
2006-01-20,7646,-0.4
2006-01-21,8006,-2.4
2006-01-22,7925,-2.1
2006-01-23,7928,-2.0
2006-01-24,7899,1.7
2006-01-25,3956,2.2
2006-01-26,7829,1.1
2006-01-27,6548,-3.5
2006-01-28,7261,-2.9
2006-01-29,7224,-3.9
2006-01-30,7426,-2.6
2006-01-31,6535,0.5
2006-02-01,5839,-0.1
2006-02-02,2981,1.6
2006-02-03,5155,-1.2
2006-02-04,5741,2.5
2006-02-05,7749,3.3
2006-02-06,8118,-2.1
2006-02-07,8027,-2.1
2006-02-08,5331,0.1
2006-02-09,6765,-0.3
2006-02-10,3297,-2.1
2006-02-11,8352,-8.3
2006-02-12,8013,-2.9
2006-02-13,3681,0.7
2006-02-14,7044,2.5
2006-02-15,2508,4.7
2006-02-16,5901,1.7
2006-02-17,1668,-0.3
2006-02-18,5902,2.4
2006-02-19,7907,3.2
2006-02-20,8330,1.0
2006-02-21,8466,-0.5
2006-02-22,8520,-0.6
2006-02-23,8422,2.0
2006-02-24,8486,3.4
2006-02-25,7432,4.5
2006-02-26,5363,4.9
2006-02-27,8124,7.1
2006-02-28,6353,8.4
2006-03-01,6183,10.9
2006-03-02,5681,8.5
2006-03-03,7094,9.2
2006-03-04,4912,10.6
2006-03-05,8215,8.6
2006-03-06,6199,10.0
2006-03-07,8157,11.5
2006-03-08,2815,7.4
2006-03-09,6455,4.3
2006-03-10,3949,3.7
2006-03-11,4160,2.5
2006-03-12,2288,3.4
2006-03-13,5947,0.5
2006-03-14,8237,2.2
2006-03-15,6646,7.4
2006-03-16,7088,5.5
2006-03-17,4075,8.7
2006-03-18,4542,7.7
2006-03-19,2244,6.1
2006-03-20,2744,3.3
2006-03-21,2955,2.5
2006-03-22,3287,4.0
2006-03-23,7702,4.7
2006-03-24,6843,7.3
2006-03-25,6078,9.4
2006-03-26,7592,9.8
2006-03-27,6087,7.6
2006-03-28,5532,9.3
2006-03-29,6767,9.7
2006-03-30,6421,8.2
2006-03-31,5758,8.8
2006-04-01,2759,11.2
2006-04-02,7522,10.2
2006-04-03,6392,11.5
2006-04-04,5504,13.4
2006-04-05,3950,14.2
2006-04-06,6226,7.7
2006-04-07,5426,9.1
2006-04-08,7197,11.4
2006-04-09,7282,13.8
2006-04-10,5605,14.6
2006-04-11,6783,13.4
2006-04-12,7214,13.5
2006-04-13,7220,16.5
2006-04-14,5687,16.8
2006-04-15,4992,16.0
2006-04-16,7247,13.7
2006-04-17,7336,15.4
2006-04-18,7351,10.8
2006-04-19,7272,9.3
2006-04-20,7156,11.1
2006-04-21,6388,13.8
2006-04-22,4329,17.2
2006-04-23,6755,17.9
2006-04-24,5092,15.1
2006-04-25,5872,10.8
2006-04-26,6512,13.7
2006-04-27,6409,15.9
2006-04-28,1123,12.7
2006-04-29,5598,8.3
2006-04-30,4033,14.1
2006-05-01,6514,15.0
2006-05-02,6308,16.3
2006-05-03,5567,15.4
2006-05-04,2049,16.5
2006-05-05,1853,14.7
2006-05-06,4602,13.2
2006-05-07,5105,14.4
2006-05-08,5472,15.9
2006-05-09,3973,15.4
2006-05-10,6080,11.8
2006-05-11,6228,13.4
2006-05-12,5939,17.1
2006-05-13,5046,20.3
2006-05-14,3917,18.3
2006-05-15,6125,16.7
2006-05-16,6272,18.6
2006-05-17,5808,20.0
2006-05-18,4794,20.1
2006-05-19,3973,21.7
2006-05-20,4133,22.3
2006-05-21,5767,22.5
2006-05-22,2622,22.2
2006-05-23,5986,17.1
2006-05-24,6093,19.8
2006-05-25,5847,22.6
2006-05-26,5866,23.7
2006-05-27,5673,22.3
2006-05-28,5728,20.7
2006-05-29,5233,17.9
2006-05-30,4443,18.9
2006-05-31,4974,19.4
2006-06-01,5821,19.6
2006-06-02,5542,22.5
2006-06-03,5183,24.2
2006-06-04,5410,25.2
2006-06-05,5523,25.6
2006-06-06,5273,26.1
2006-06-07,4913,25.9
2006-06-08,4331,24.9
2006-06-09,5236,22.9
2006-06-10,4566,23.3
2006-06-11,4041,24.1
2006-06-12,4936,25.2
2006-06-13,5556,26.1
2006-06-14,5721,26.8
2006-06-15,4704,25.5
2006-06-16,3763,20.7
2006-06-17,5754,20.5
2006-06-18,5316,24.0
2006-06-19,5125,26.1
2006-06-20,5389,26.8
2006-06-21,5040,25.5
2006-06-22,3968,24.6
2006-06-23,5094,24.3
2006-06-24,5141,25.1
2006-06-25,4143,23.2
2006-06-26,3114,19.3
2006-06-27,5450,18.0
2006-06-28,3709,21.0
2006-06-29,5346,23.3
2006-06-30,5223,25.8
2006-07-01,3963,25.9
2006-07-02,3691,24.6
2006-07-03,3541,22.3
2006-07-04,5122,21.4
2006-07-05,3173,22.1
2006-07-06,4553,21.5
2006-07-07,4231,22.9
2006-07-08,2088,19.4
2006-07-09,4298,19.8
2006-07-10,4594,20.4
2006-07-11,3392,21.2
2006-07-12,5566,22.4
2006-07-13,5832,24.5
2006-07-14,5766,26.0
2006-07-15,5696,26.1
2006-07-16,5733,26.5
2006-07-17,4858,27.8
2006-07-18,5298,27.5
2006-07-19,4281,25.9
2006-07-20,4323,27.8
2006-07-21,5131,25.6
2006-07-22,5382,24.2
2006-07-23,5317,25.2
2006-07-24,5562,26.4
2006-07-25,4098,27.0
2006-07-26,4331,27.1
2006-07-27,4363,25.4
2006-07-28,5311,24.4
2006-07-29,5032,25.0
2006-07-30,5995,27.1
2006-07-31,5580,28.6
2006-08-01,4379,26.8
2006-08-02,4570,24.2
2006-08-03,2751,23.1
2006-08-04,3735,23.8
2006-08-05,3383,23.5
2006-08-06,3673,23.0
2006-08-07,4147,22.4
2006-08-08,5620,24.6
2006-08-09,4023,26.4
2006-08-10,4807,25.9
2006-08-11,5659,25.4
2006-08-12,4697,25.0
2006-08-13,4189,23.3
2006-08-14,4874,20.5
2006-08-15,3898,22.1
2006-08-16,5565,23.4
2006-08-17,5285,24.1
2006-08-18,5289,24.0
2006-08-19,2020,19.6
2006-08-20,4949,21.0
2006-08-21,5715,22.4
2006-08-22,5584,22.5
2006-08-23,6426,24.2
2006-08-24,4609,24.2
2006-08-25,4837,24.0
2006-08-26,1710,20.5
2006-08-27,6297,18.9
2006-08-28,6491,19.7
2006-08-29,6594,20.6
2006-08-30,6787,22.8
2006-08-31,5792,22.9
2006-09-01,4474,22.6
2006-09-02,1939,18.7
2006-09-03,6398,20.1
2006-09-04,6875,20.1
2006-09-05,7160,20.8
2006-09-06,3532,21.1
2006-09-07,5382,20.4
2006-09-08,3624,17.7
2006-09-09,5973,17.1
2006-09-10,5321,17.3
2006-09-11,6777,18.5
2006-09-12,7248,19.1
2006-09-13,7321,20.2
2006-09-14,4902,19.9
2006-09-15,6095,18.6
2006-09-16,7490,17.1
2006-09-17,7728,12.1
2006-09-18,7431,12.4
2006-09-19,7630,15.9
2006-09-20,5977,16.9
2006-09-21,6363,12.6
2006-09-22,1227,10.4
2006-09-23,5825,9.0
2006-09-24,7492,10.9
2006-09-25,7691,13.0
2006-09-26,7759,13.9
2006-09-27,6659,15.8
2006-09-28,7476,15.9
2006-09-29,7669,17.7
2006-09-30,7632,18.2
2006-10-01,4691,18.1
2006-10-02,5525,17.8
2006-10-03,2618,17.3
2006-10-04,6206,16.0
2006-10-05,5129,17.6
2006-10-06,3916,17.4
2006-10-07,5603,18.6
2006-10-08,994,13.2
2006-10-09,969,10.2
2006-10-10,7203,9.9
2006-10-11,7578,11.3
2006-10-12,5302,12.3
2006-10-13,7761,11.8
2006-10-14,4389,11.7
2006-10-15,6318,11.8
2006-10-16,7452,11.5
2006-10-17,469,10.2
2006-10-18,1192,6.8
2006-10-19,6904,6.3
2006-10-20,7673,8.7
2006-10-21,5510,7.3
2006-10-22,7874,5.6
2006-10-23,7781,9.1
2006-10-24,3799,9.5
2006-10-25,4909,6.5
2006-10-26,356,6.2
2006-10-27,6894,6.5
2006-10-28,7790,9.6
2006-10-29,6960,10.2
2006-10-30,7862,9.6
2006-10-31,4352,7.3
2006-11-01,8108,4.9
2006-11-02,7402,4.1
2006-11-03,7387,7.2
2006-11-04,5181,8.4
2006-11-05,7628,7.4
2006-11-06,6960,8.8
2006-11-07,5556,12.0
2006-11-08,7803,12.8
2006-11-09,6145,11.5
2006-11-10,8018,7.6
2006-11-11,4972,6.0
2006-11-12,1302,7.1
2006-11-13,4399,4.0
2006-11-14,5821,5.1
2006-11-15,7350,3.6
2006-11-16,7336,5.5
2006-11-17,7477,4.5
2006-11-18,7181,3.7
2006-11-19,7585,6.0
2006-11-20,5928,5.2
2006-11-21,7662,5.3
2006-11-22,7442,7.9
2006-11-23,5858,8.2
2006-11-24,4386,6.4
2006-11-25,7171,6.2
2006-11-26,7491,5.5
2006-11-27,6216,5.1
2006-11-28,6719,4.4
2006-11-29,592,0.7
2006-11-30,7631,-3.1
2006-12-01,7394,-0.0
2006-12-02,1534,-5.7
2006-12-03,7645,-6.5
2006-12-04,6636,-4.9
2006-12-05,6130,-2.8
2006-12-06,6975,-2.4
2006-12-07,6831,0.4
2006-12-08,7423,0.3
2006-12-09,7369,-1.1
2006-12-10,7285,-1.7
2006-12-11,3779,-0.3
2006-12-12,3360,-2.7
2006-12-13,5179,-1.9
2006-12-14,4513,0.7
2006-12-15,3283,1.7
2006-12-16,4531,4.7
2006-12-17,1907,4.4
2006-12-18,5835,2.2
2006-12-19,3684,1.3
2006-12-20,600,0.4
2006-12-21,4754,-1.7
2006-12-22,6692,1.2
2006-12-23,7247,1.3
2006-12-24,6389,-0.2
2006-12-25,5772,0.0
2006-12-26,6647,4.5
2006-12-27,2330,2.2
2006-12-28,490,-0.3
2006-12-29,353,-1.4
2006-12-30,1095,-2.3
2006-12-31,7450,-3.0
2007-01-01,2668,-2.4
2007-01-02,7537,-2.2
2007-01-03,4032,-2.6
2007-01-04,6808,-0.3
2007-01-05,406,-0.9
2007-01-06,7668,-6.5
2007-01-07,6686,-6.9
2007-01-08,7514,0.0
2007-01-09,7566,-1.5
2007-01-10,7525,-2.8
2007-01-11,7634,-1.9
2007-01-12,2176,0.1
2007-01-13,6295,2.9
2007-01-14,2289,-3.5
2007-01-15,7943,-9.3
2007-01-16,7861,-10.4
2007-01-17,7964,-8.9
2007-01-18,7046,-9.0
2007-01-19,7516,-6.4
2007-01-20,2345,-2.2
2007-01-21,872,-5.7
2007-01-22,7880,-5.4
2007-01-23,7692,-3.4
2007-01-24,7674,-1.4
2007-01-25,7744,-0.7
2007-01-26,7736,-0.9
2007-01-27,1428,-2.0
2007-01-28,8013,-3.3
2007-01-29,7965,-3.7
2007-01-30,6440,-3.3
2007-01-31,1474,-4.1
2007-02-01,1221,-6.3
2007-02-02,8145,-8.3
2007-02-03,7938,-4.3
2007-02-04,4965,0.0
2007-02-05,7645,1.9
2007-02-06,4807,4.2
2007-02-07,3406,5.8
2007-02-08,6702,5.9
2007-02-09,5348,5.5
2007-02-10,6478,3.6
2007-02-11,6181,1.6
2007-02-12,6085,2.7
2007-02-13,888,0.5
2007-02-14,6380,-0.1
2007-02-15,5929,-3.4
2007-02-16,6371,-0.6
2007-02-17,8241,-0.1
2007-02-18,5859,-0.7
2007-02-19,4023,2.2
2007-02-20,8168,4.1
2007-02-21,8153,2.7
2007-02-22,7404,2.9
2007-02-23,6545,5.1
2007-02-24,6302,1.8
2007-02-25,5047,-0.5
2007-02-26,7955,-1.6
2007-02-27,8064,0.8
2007-02-28,2902,0.5
2007-03-01,6246,-3.1
2007-03-02,4602,-2.7
2007-03-03,7926,-3.7
2007-03-04,8245,1.8
2007-03-05,5445,4.2
2007-03-06,5566,6.2
2007-03-07,7728,9.4
2007-03-08,4774,7.8
2007-03-09,6212,8.5
2007-03-10,3289,8.8
2007-03-11,7474,8.3
2007-03-12,7865,10.2
2007-03-13,7876,10.6
2007-03-14,6026,12.3
2007-03-15,4229,11.8
2007-03-16,6845,10.8
2007-03-17,5663,12.9
2007-03-18,6275,11.6
2007-03-19,7461,8.1
2007-03-20,7422,11.0
2007-03-21,5443,10.9
2007-03-22,5706,10.2
2007-03-23,3858,10.5
2007-03-24,2143,8.1
2007-03-25,7476,9.1
2007-03-26,6415,10.5
2007-03-27,3218,12.5
2007-03-28,7665,11.0
2007-03-29,2889,3.7
2007-03-30,6613,4.4
2007-03-31,6344,6.5
2007-04-01,7076,10.4
2007-04-02,7285,12.3
2007-04-03,7402,13.9
2007-04-04,6304,12.1
2007-04-05,3956,11.8
2007-04-06,1529,10.3
2007-04-07,1349,7.2
2007-04-08,2876,7.9
2007-04-09,4416,9.5
2007-04-10,6286,8.2
2007-04-11,7009,4.4
2007-04-12,2182,6.2
2007-04-13,1658,5.7
2007-04-14,7097,6.4
2007-04-15,7045,10.5
2007-04-16,3997,12.6
2007-04-17,3842,10.6
2007-04-18,6409,11.4
2007-04-19,7145,10.3
2007-04-20,7024,9.4
2007-04-21,4782,12.0
2007-04-22,6260,10.9
2007-04-23,4854,12.4
2007-04-24,714,8.5
2007-04-25,5562,6.6
2007-04-26,5733,11.2
2007-04-27,6513,13.6
2007-04-28,6652,15.8
2007-04-29,5942,17.4
2007-04-30,4693,17.3
2007-05-01,4460,16.4
2007-05-02,2070,14.6
2007-05-03,6377,14.8
2007-05-04,3675,13.7
2007-05-05,4884,11.3
2007-05-06,3494,8.5
2007-05-07,5007,9.2
2007-05-08,6171,11.0
2007-05-09,6066,13.5
2007-05-10,5383,14.8
2007-05-11,6242,16.8
2007-05-12,4772,18.2
2007-05-13,3744,18.3
2007-05-14,3673,18.1
2007-05-15,2401,15.7
2007-05-16,4287,15.3
2007-05-17,4233,15.5
2007-05-18,4894,16.4
2007-05-19,5152,18.4
2007-05-20,3796,18.2
2007-05-21,4514,17.1
2007-05-22,4579,15.7
2007-05-23,1801,12.7
2007-05-24,5191,11.5
2007-05-25,4412,15.4
2007-05-26,5882,16.7
2007-05-27,5289,19.4
2007-05-28,5379,20.0
2007-05-29,4039,19.6
2007-05-30,5286,15.6
2007-05-31,5666,16.9
2007-06-01,4858,17.5
2007-06-02,4822,18.7
2007-06-03,3634,18.8
2007-06-04,3707,16.3
2007-06-05,5029,19.0
2007-06-06,4733,20.8
2007-06-07,5169,13.6
2007-06-08,5835,14.8
2007-06-09,4907,19.7
2007-06-10,5257,20.9
2007-06-11,4825,22.1
2007-06-12,3518,18.3
2007-06-13,3598,17.0
2007-06-14,5693,19.4
2007-06-15,5475,22.3
2007-06-16,4085,23.6
2007-06-17,5264,24.5
2007-06-18,5640,24.9
2007-06-19,5787,23.8
2007-06-20,5582,25.6
2007-06-21,3998,26.1
2007-06-22,4274,25.2
2007-06-23,5719,25.1
2007-06-24,4519,26.3
2007-06-25,5685,27.0
2007-06-26,3862,25.8
2007-06-27,4895,23.1
2007-06-28,4860,23.8
2007-06-29,4625,24.4
2007-06-30,4843,25.8
2007-07-01,5603,27.4
2007-07-02,5496,28.4
2007-07-03,4145,28.6
2007-07-04,5255,25.5
2007-07-05,5311,21.9
2007-07-06,5533,23.4
2007-07-07,5337,24.9
2007-07-08,4452,25.9
2007-07-09,4313,25.1
2007-07-10,4967,25.7
2007-07-11,3723,26.1
2007-07-12,3357,25.9
2007-07-13,5620,22.2
2007-07-14,5761,24.1
2007-07-15,5291,25.8
2007-07-16,5009,26.7
2007-07-17,5108,28.0
2007-07-18,3468,28.0
2007-07-19,4144,26.9
2007-07-20,4481,25.6
2007-07-21,5429,25.1
2007-07-22,5690,23.5
2007-07-23,5764,26.7
2007-07-24,5637,26.7
2007-07-25,5063,26.9
2007-07-26,5040,27.0
2007-07-27,5434,24.2
2007-07-28,4282,23.0
2007-07-29,5584,22.0
2007-07-30,5729,23.7
2007-07-31,5089,25.0
2007-08-01,5977,26.5
2007-08-02,5863,24.8
2007-08-03,4629,22.9
2007-08-04,3538,24.2
2007-08-05,4803,25.0
2007-08-06,4829,24.3
2007-08-07,3964,23.8
2007-08-08,6230,23.7
2007-08-09,6296,25.6
2007-08-10,5542,26.0
2007-08-11,4697,24.4
2007-08-12,5831,27.2
2007-08-13,6218,26.9
2007-08-14,5615,27.6
2007-08-15,5487,25.6
2007-08-16,5424,25.6
2007-08-17,5400,25.2
2007-08-18,5867,25.5
2007-08-19,5375,25.1
2007-08-20,6618,26.4
2007-08-21,6694,26.7
2007-08-22,6457,27.4
2007-08-23,4258,25.7
2007-08-24,6021,23.2
2007-08-25,6810,24.5
2007-08-26,5756,26.0
2007-08-27,4261,24.8
2007-08-28,3381,22.7
2007-08-29,3481,21.4
2007-08-30,6468,21.1
2007-08-31,5957,24.1
2007-09-01,4952,24.3
2007-09-02,5928,22.9
2007-09-03,5981,23.0
2007-09-04,5196,24.2
2007-09-05,4819,24.6
2007-09-06,5651,22.5
2007-09-07,6559,21.3
2007-09-08,7188,21.3
2007-09-09,4696,21.6
2007-09-10,2099,21.0
2007-09-11,7185,19.8
2007-09-12,5945,21.1
2007-09-13,7224,21.7
2007-09-14,5664,21.5
2007-09-15,4844,22.6
2007-09-16,5284,21.2
2007-09-17,2848,19.5
2007-09-18,7496,16.5
2007-09-19,7505,18.4
2007-09-20,4653,20.4
2007-09-21,7422,20.6
2007-09-22,6231,21.7
2007-09-23,2843,21.0
2007-09-24,6643,17.1
2007-09-25,7523,14.9
2007-09-26,7810,15.6
2007-09-27,7746,16.6
2007-09-28,3574,17.7
2007-09-29,5112,17.6
2007-09-30,7845,14.9
2007-10-01,2065,16.2
2007-10-02,7717,17.5
2007-10-03,8000,16.2
2007-10-04,7495,17.1
2007-10-05,4489,17.3
2007-10-06,7651,19.0
2007-10-07,5609,11.7
2007-10-08,7860,12.1
2007-10-09,7791,15.5
2007-10-10,5564,16.6
2007-10-11,7605,17.3
2007-10-12,6157,17.0
2007-10-13,4329,16.1
2007-10-14,3320,11.2
2007-10-15,7760,9.6
2007-10-16,6368,10.8
2007-10-17,5743,10.3
2007-10-18,7956,7.4
2007-10-19,7431,11.1
2007-10-20,6851,13.2
2007-10-21,1926,8.9
2007-10-22,7857,4.1
2007-10-23,7670,11.4
2007-10-24,7929,13.2
2007-10-25,8027,14.2
2007-10-26,7748,14.0
2007-10-27,6472,12.0
2007-10-28,6821,13.3
2007-10-29,5952,12.9
2007-10-30,7709,13.3
2007-10-31,1773,10.7
2007-11-01,7903,9.5
2007-11-02,7728,9.2
2007-11-03,8047,9.6
2007-11-04,7996,10.5
2007-11-05,8082,10.6
2007-11-06,7892,10.3
2007-11-07,7946,10.6
2007-11-08,7941,10.6
2007-11-09,6347,10.2
2007-11-10,6298,11.1
2007-11-11,7759,10.6
2007-11-12,4455,9.9
2007-11-13,7399,10.4
2007-11-14,4832,10.2
2007-11-15,7638,8.1
2007-11-16,7321,10.0
2007-11-17,2536,10.2
2007-11-18,5371,10.0
2007-11-19,7557,10.5
2007-11-20,4210,10.5
2007-11-21,1760,5.5
2007-11-22,7302,2.3
2007-11-23,1011,2.1
2007-11-24,7785,1.0
2007-11-25,7467,4.3
2007-11-26,4462,4.7
2007-11-27,7695,4.7
2007-11-28,7676,4.3
2007-11-29,7284,-2.1
2007-11-30,3869,0.9
2007-12-01,2533,6.8
2007-12-02,6850,1.3
2007-12-03,4567,2.4
2007-12-04,4891,7.7
2007-12-05,4725,6.8
2007-12-06,3293,5.3
2007-12-07,501,5.7
2007-12-08,853,4.9
2007-12-09,7063,-0.2
2007-12-10,4102,-0.4
2007-12-11,786,-0.5
2007-12-12,7276,-4.4
2007-12-13,4349,-5.5
2007-12-14,3890,-6.4
2007-12-15,7604,-8.1
2007-12-16,7393,-6.9
2007-12-17,5260,-5.3
2007-12-18,7158,-3.6
2007-12-19,6496,-3.3
2007-12-20,6997,-2.6
2007-12-21,6871,-2.1
2007-12-22,7618,-5.9
2007-12-23,7217,-7.4
2007-12-24,4391,-5.0
2007-12-25,503,-3.3
2007-12-26,6802,-5.8
2007-12-27,2917,-6.0
2007-12-28,7226,-10.5
2007-12-29,7527,-11.6
2007-12-30,7384,-7.4
2007-12-31,4913,-7.3
2008-01-01,7837,-10.8
2008-01-02,4483,-2.9
2008-01-03,2627,0.2
2008-01-04,6567,1.7
2008-01-05,4293,2.6
2008-01-06,1876,2.3
2008-01-07,1713,-1.9
2008-01-08,7080,-4.2
2008-01-09,5106,-4.8
2008-01-10,7576,-4.9
2008-01-11,4745,-4.0
2008-01-12,6754,-6.2
2008-01-13,6885,-7.3
2008-01-14,7782,-5.4
2008-01-15,817,-5.2
2008-01-16,1830,-7.7
2008-01-17,5297,-14.2
2008-01-18,2510,-10.5
2008-01-19,7697,-9.1
2008-01-20,7710,-5.9
2008-01-21,2517,-4.3
2008-01-22,7816,-4.6
2008-01-23,7900,-5.5
2008-01-24,6827,-3.9
2008-01-25,7435,-1.6
2008-01-26,7805,-0.0
2008-01-27,6189,-0.1
2008-01-28,5328,4.4
2008-01-29,8048,-2.9
2008-01-30,5535,-4.6
2008-01-31,8106,-6.3
2008-02-01,6664,-3.8
2008-02-02,2666,-5.4
2008-02-03,3646,-6.2
2008-02-04,4665,-1.3
2008-02-05,4936,-2.7
2008-02-06,7749,-6.8
2008-02-07,7701,-5.6
2008-02-08,7626,-1.2
2008-02-09,7830,-1.0
2008-02-10,6260,-1.6
2008-02-11,7313,-1.2
2008-02-12,7786,-1.3
2008-02-13,7896,-0.7
2008-02-14,1816,2.8
2008-02-15,6615,2.2
2008-02-16,7052,3.6
2008-02-17,3298,0.1
2008-02-18,7624,-0.5
2008-02-19,8011,1.3
2008-02-20,4856,-0.9
2008-02-21,3727,-0.4
2008-02-22,6220,0.7
2008-02-23,3819,1.4
2008-02-24,4712,-0.2
2008-02-25,7189,3.4
2008-02-26,7969,-1.0
2008-02-27,7414,-0.8
2008-02-28,7598,2.0
2008-02-29,8358,2.1
2008-03-01,6850,5.4
2008-03-02,940,6.5
2008-03-03,8057,-2.7
2008-03-04,7901,-0.8
2008-03-05,3007,-0.3
2008-03-06,6199,-1.9
2008-03-07,8013,-2.4
2008-03-08,4041,0.2
2008-03-09,4016,4.2
2008-03-10,5535,4.1
2008-03-11,8118,4.4
2008-03-12,6125,7.9
2008-03-13,6326,6.3
2008-03-14,2305,4.3
2008-03-15,6048,1.1
2008-03-16,1444,4.8
2008-03-17,1648,5.2
2008-03-18,8140,4.6
2008-03-19,7988,6.6
2008-03-20,7747,8.3
2008-03-21,7896,8.0
2008-03-22,6735,5.6
2008-03-23,6764,3.3
2008-03-24,6548,2.8
2008-03-25,7815,6.8
2008-03-26,7805,10.9
2008-03-27,7237,10.9
2008-03-28,2060,6.5
2008-03-29,6317,9.2
2008-03-30,5084,9.5
2008-03-31,5234,9.2
2008-04-01,3507,7.0
2008-04-02,6688,9.6
2008-04-03,5013,7.4
2008-04-04,7538,7.1
2008-04-05,6404,8.7
2008-04-06,6510,8.9
2008-04-07,3835,9.7
2008-04-08,6693,7.4
2008-04-09,4255,10.5
2008-04-10,2526,6.9
2008-04-11,4329,5.3
2008-04-12,6195,5.0
2008-04-13,7275,9.1
2008-04-14,7393,12.6
2008-04-15,7239,14.0
2008-04-16,4187,13.9
2008-04-17,4812,5.6
2008-04-18,7198,8.3
2008-04-19,6835,12.4
2008-04-20,7206,13.6
2008-04-21,6932,12.2
2008-04-22,7074,12.6
2008-04-23,6491,14.4
2008-04-24,5822,14.3
2008-04-25,7061,9.1
2008-04-26,6174,9.2
2008-04-27,6985,8.6
2008-04-28,5260,11.8
2008-04-29,4919,14.8
2008-04-30,6627,16.6
2008-05-01,5135,11.6
2008-05-02,5006,6.8
2008-05-03,6265,9.6
2008-05-04,5516,12.9
2008-05-05,5530,16.3
2008-05-06,5298,16.6
2008-05-07,4533,15.6
2008-05-08,4813,13.5
2008-05-09,5493,12.8
2008-05-10,6458,13.7
2008-05-11,6399,13.1
2008-05-12,6462,16.7
2008-05-13,2315,13.7
2008-05-14,4525,12.0
2008-05-15,3981,11.4
2008-05-16,3045,11.9
2008-05-17,6183,15.6
2008-05-18,5664,18.4
2008-05-19,5290,21.9
2008-05-20,5807,21.1
2008-05-21,5321,21.2
2008-05-22,5510,15.9
2008-05-23,5391,11.7
2008-05-24,6141,11.1
2008-05-25,5973,15.4
2008-05-26,2105,18.6
2008-05-27,3969,17.5
2008-05-28,3855,19.7
2008-05-29,5913,20.2
2008-05-30,5980,18.8
2008-05-31,5845,21.1
2008-06-01,5754,22.5
2008-06-02,5701,23.0
2008-06-03,4656,22.5
2008-06-04,3768,20.7
2008-06-05,2473,15.7
2008-06-06,5804,14.9
2008-06-07,5877,20.7
2008-06-08,2485,19.1
2008-06-09,5948,16.6
2008-06-10,5877,20.2
2008-06-11,4178,22.2
2008-06-12,5292,15.7
2008-06-13,5911,16.6
2008-06-14,5905,21.1
2008-06-15,5741,24.0
2008-06-16,3383,23.9
2008-06-17,4964,24.6
2008-06-18,4979,25.1
2008-06-19,4689,24.2
2008-06-20,5146,23.1
2008-06-21,5534,22.5
2008-06-22,4073,23.8
2008-06-23,3719,23.7
2008-06-24,4180,24.2
2008-06-25,5376,25.6
2008-06-26,5770,25.1
2008-06-27,5589,24.1
2008-06-28,5141,25.0
2008-06-29,4948,22.8
2008-06-30,4215,23.6
2008-07-01,4526,24.9
2008-07-02,4453,24.9
2008-07-03,4304,25.2
2008-07-04,5401,25.7
2008-07-05,4253,27.4
2008-07-06,4230,25.6
2008-07-07,4138,24.0
2008-07-08,5122,22.9
2008-07-09,5785,23.1
2008-07-10,5693,25.6
2008-07-11,5008,27.7
2008-07-12,5292,26.1
2008-07-13,5718,24.7
2008-07-14,4064,26.7
2008-07-15,4466,27.0
2008-07-16,5333,27.5
2008-07-17,3968,27.1
2008-07-18,4082,26.2
2008-07-19,5737,25.9
2008-07-20,5822,26.2
2008-07-21,5828,26.6
2008-07-22,5873,28.4
2008-07-23,2821,25.5
2008-07-24,4185,23.9
2008-07-25,4152,24.8
2008-07-26,4476,22.8
2008-07-27,5352,25.5
2008-07-28,4001,26.4
2008-07-29,4593,25.7
2008-07-30,5130,26.9
2008-07-31,6098,27.9
2008-08-01,5784,28.9
2008-08-02,3686,28.0
2008-08-03,4607,27.8
2008-08-04,3885,27.6
2008-08-05,3527,27.3
2008-08-06,2968,24.3
2008-08-07,3129,22.6
2008-08-08,4615,22.8
2008-08-09,4182,23.6
2008-08-10,3001,23.9
2008-08-11,6006,22.7
2008-08-12,6389,24.4
2008-08-13,3529,25.2
2008-08-14,5336,24.2
2008-08-15,1433,21.3
2008-08-16,1286,17.1
2008-08-17,3860,16.5
2008-08-18,5225,17.5
2008-08-19,6107,20.0
2008-08-20,5536,22.1
2008-08-21,6491,23.3
2008-08-22,6672,24.8
2008-08-23,5023,24.6
2008-08-24,4546,23.9
2008-08-25,5440,24.1
2008-08-26,4760,23.7
2008-08-27,5777,24.1
2008-08-28,6805,24.5
2008-08-29,6457,23.3
2008-08-30,5461,23.4
2008-08-31,4982,22.3
2008-09-01,4775,22.2
2008-09-02,5477,21.3
2008-09-03,5630,18.1
2008-09-04,7092,16.7
2008-09-05,4197,20.2
2008-09-06,7082,20.2
2008-09-07,7212,20.6
2008-09-08,6024,20.3
2008-09-09,4290,19.4
2008-09-10,4206,19.9
2008-09-11,5669,18.5
2008-09-12,2073,17.6
2008-09-13,7249,16.7
2008-09-14,7057,17.7
2008-09-15,7323,17.7
2008-09-16,7365,18.8
2008-09-17,7357,19.9
2008-09-18,5909,19.0
2008-09-19,6147,18.2
2008-09-20,5906,19.3
2008-09-21,5045,18.7
2008-09-22,5675,19.1
2008-09-23,7443,19.4
2008-09-24,7366,19.1
2008-09-25,7517,20.1
2008-09-26,4441,21.2
2008-09-27,4696,20.2
2008-09-28,6240,19.1
2008-09-29,7423,18.9
2008-09-30,7612,19.2
2008-10-01,6677,19.6
2008-10-02,5158,18.6
2008-10-03,5606,17.3
2008-10-04,2989,15.9
2008-10-05,4795,14.8
2008-10-06,7415,13.0
2008-10-07,7722,13.2
2008-10-08,7838,15.6
2008-10-09,7733,15.5
2008-10-10,7593,16.7
2008-10-11,877,15.3
2008-10-12,6739,12.4
2008-10-13,5200,7.7
2008-10-14,2523,8.3
2008-10-15,7662,9.6
2008-10-16,7724,10.7
2008-10-17,7674,12.8
2008-10-18,6878,13.7
2008-10-19,7492,13.7
2008-10-20,1081,13.0
2008-10-21,6070,11.6
2008-10-22,4231,5.7
2008-10-23,8028,6.3
2008-10-24,7716,9.8
2008-10-25,5752,11.2
2008-10-26,5913,13.4
2008-10-27,7659,11.2
2008-10-28,7723,12.6
2008-10-29,7775,12.5
2008-10-30,7619,12.8
2008-10-31,7313,12.8
2008-11-01,6351,13.0
2008-11-02,5826,12.8
2008-11-03,7303,12.6
2008-11-04,4136,10.6
2008-11-05,5101,7.1
2008-11-06,7950,2.8
2008-11-07,7364,3.2
2008-11-08,7023,4.2
2008-11-09,3706,4.5
2008-11-10,1204,5.6
2008-11-11,5897,2.5
2008-11-12,7180,4.4
2008-11-13,5634,8.9
2008-11-14,6917,7.9
2008-11-15,7079,4.9
2008-11-16,7356,8.4
2008-11-17,7309,10.0
2008-11-18,7449,10.1
2008-11-19,7562,9.0
2008-11-20,447,6.1
2008-11-21,7450,5.5
2008-11-22,7057,7.1
2008-11-23,6988,6.6
2008-11-24,7826,6.0
2008-11-25,3343,5.8
2008-11-26,6245,6.5
2008-11-27,2652,5.5
2008-11-28,5512,5.2
2008-11-29,3717,4.6
2008-11-30,2425,4.5
2008-12-01,4222,2.3
2008-12-02,5960,2.8
2008-12-03,5303,3.3
2008-12-04,894,1.3
2008-12-05,5432,1.1
2008-12-06,4050,5.3
2008-12-07,6176,5.8
2008-12-08,554,4.4
2008-12-09,7361,-0.7
2008-12-10,2428,2.1
2008-12-11,7315,2.8
2008-12-12,6066,2.3
2008-12-13,5054,4.6
2008-12-14,1280,1.5
2008-12-15,5282,-5.1
2008-12-16,2692,0.6
2008-12-17,6859,0.8
2008-12-18,1886,1.5
2008-12-19,6951,-3.7
2008-12-20,5769,-5.0
2008-12-21,6823,-4.5
2008-12-22,5637,-1.0
2008-12-23,1320,-1.7
2008-12-24,6130,-9.0
2008-12-25,6473,-5.0
2008-12-26,990,1.0
2008-12-27,7780,-10.9
2008-12-28,7429,-5.0
2008-12-29,7279,-2.2
2008-12-30,7472,1.4
2008-12-31,7035,2.7
2009-01-01,6367,2.8
2009-01-02,6305,-0.5
2009-01-03,4235,-1.0
2009-01-04,1412,-1.1
2009-01-05,6044,-2.6
2009-01-06,6292,-6.0
2009-01-07,5118,-0.5
2009-01-08,7138,1.2
2009-01-09,676,-1.9
2009-01-10,6996,-4.8
2009-01-11,5740,-5.6
2009-01-12,1382,-2.1
2009-01-13,6852,-2.7
2009-01-14,7566,-2.3
2009-01-15,6280,-1.8
2009-01-16,7616,-0.9
2009-01-17,7145,3.0
2009-01-18,7702,3.8
2009-01-19,7691,6.3
2009-01-20,8095,4.8
2009-01-21,7892,-1.4
2009-01-22,5520,0.5
2009-01-23,6901,2.9
2009-01-24,6054,5.3
2009-01-25,1982,3.1
2009-01-26,2257,1.1
2009-01-27,6814,-1.9
2009-01-28,7570,-5.8
2009-01-29,8094,-4.7
2009-01-30,7887,-0.9
2009-01-31,8089,1.8
2009-02-01,7611,-3.1
2009-02-02,6266,-3.5
2009-02-03,7736,0.2
2009-02-04,8132,2.7
2009-02-05,7231,2.7
2009-02-06,7832,4.6
2009-02-07,5135,4.0
2009-02-08,3488,5.5
2009-02-09,6669,2.2
2009-02-10,2441,1.0
2009-02-11,7523,-0.0
2009-02-12,7040,0.4
2009-02-13,6218,1.7
2009-02-14,3787,0.6
2009-02-15,8383,-0.4
2009-02-16,6561,3.4
2009-02-17,7799,3.1
2009-02-18,6063,-2.4
2009-02-19,8375,-3.4
2009-02-20,8405,-3.4
2009-02-21,8381,0.7
2009-02-22,5316,0.4
2009-02-23,5005,3.2
2009-02-24,8070,4.9
2009-02-25,7119,3.6
2009-02-26,7971,7.8
2009-02-27,7751,5.5
2009-02-28,8131,2.7
2009-03-01,7043,7.5
2009-03-02,6706,11.3
2009-03-03,7488,10.0
2009-03-04,6098,9.1
2009-03-05,8318,7.3
2009-03-06,5029,8.6
2009-03-07,3252,6.9
2009-03-08,8295,5.0
2009-03-09,7634,7.9
2009-03-10,8013,6.3
2009-03-11,8363,5.8
2009-03-12,5765,7.2
2009-03-13,2627,5.6
2009-03-14,8322,5.3
2009-03-15,7888,6.7
2009-03-16,8062,8.9
2009-03-17,7867,10.7
2009-03-18,5756,11.2
2009-03-19,7222,11.5
2009-03-20,4668,12.4
2009-03-21,5490,13.6
2009-03-22,7349,13.3
2009-03-23,5684,9.2
2009-03-24,5666,6.8
2009-03-25,6136,5.9
2009-03-26,2745,5.3
2009-03-27,5205,-3.4
2009-03-28,7777,-0.6
2009-03-29,7465,2.3
2009-03-30,5362,3.4
2009-03-31,7672,1.8
2009-04-01,4113,4.8
2009-04-02,7376,4.3
2009-04-03,6020,8.9
2009-04-04,3841,7.6
2009-04-05,5377,3.2
2009-04-06,7685,6.0
2009-04-07,7724,9.8
2009-04-08,7120,9.6
2009-04-09,5756,6.0
2009-04-10,6201,8.1
2009-04-11,3054,10.0
2009-04-12,1672,6.9
2009-04-13,6806,9.5
2009-04-14,4016,11.0
2009-04-15,5869,10.2
2009-04-16,3919,7.3
2009-04-17,1796,6.7
2009-04-18,2385,4.8
2009-04-19,6912,8.5
2009-04-20,6078,10.1
2009-04-21,6836,14.4
2009-04-22,6506,14.6
2009-04-23,6227,12.5
2009-04-24,5906,13.8
2009-04-25,2553,14.9
2009-04-26,6421,12.2
2009-04-27,6219,10.3
2009-04-28,4773,13.8
2009-04-29,6756,15.7
2009-04-30,6736,15.8
2009-05-01,2665,16.7
2009-05-02,2630,14.8
2009-05-03,4428,12.9
2009-05-04,5527,13.5
2009-05-05,5169,15.1
2009-05-06,6447,17.3
2009-05-07,6436,19.7
2009-05-08,5645,19.4
2009-05-09,6223,16.8
2009-05-10,5485,16.9
2009-05-11,5717,17.5
2009-05-12,6231,19.9
2009-05-13,5694,20.9
2009-05-14,5464,19.1
2009-05-15,5500,19.7
2009-05-16,2195,16.5
2009-05-17,6146,18.5
2009-05-18,5759,22.1
2009-05-19,4979,22.0
2009-05-20,4882,20.3
2009-05-21,2018,19.4
2009-05-22,4775,15.9
2009-05-23,2707,16.2
2009-05-24,4296,16.4
2009-05-25,4588,15.3
2009-05-26,3334,13.6
2009-05-27,5584,14.8
2009-05-28,5902,16.1
2009-05-29,4266,16.6
2009-05-30,3779,16.0
2009-05-31,3807,16.9
2009-06-01,4755,15.1
2009-06-02,3742,14.1
2009-06-03,3984,15.6
2009-06-04,5100,18.2
2009-06-05,4097,20.5
2009-06-06,5572,20.2
2009-06-07,4850,17.1
2009-06-08,5094,16.5
2009-06-09,4740,19.5
2009-06-10,4303,16.2
2009-06-11,4118,15.9
2009-06-12,4479,17.8
2009-06-13,4904,19.4
2009-06-14,4390,18.0
2009-06-15,4671,18.1
2009-06-16,4942,19.6
2009-06-17,5053,20.9
2009-06-18,5149,21.3
2009-06-19,5731,20.5
2009-06-20,1979,22.1
2009-06-21,5596,19.9
2009-06-22,5718,22.8
2009-06-23,4259,24.2
2009-06-24,4578,24.7
2009-06-25,3692,24.4
2009-06-26,4120,21.5
2009-06-27,5125,20.7
2009-06-28,4933,21.7
2009-06-29,4849,23.0
2009-06-30,4765,23.7
2009-07-01,4895,24.4
2009-07-02,3995,25.0
2009-07-03,4316,24.4
2009-07-04,4463,23.7
2009-07-05,3836,22.0
2009-07-06,4554,23.2
2009-07-07,5732,25.0
2009-07-08,5775,25.6
2009-07-09,4112,26.3
2009-07-10,5324,26.1
2009-07-11,5606,26.4
2009-07-12,4593,25.9
2009-07-13,4753,26.9
2009-07-14,5700,26.3
2009-07-15,5220,26.0
2009-07-16,5932,26.1
2009-07-17,5269,26.1
2009-07-18,5714,26.2
2009-07-19,2307,26.5
2009-07-20,4033,27.6
2009-07-21,4163,24.0
2009-07-22,5743,24.2
2009-07-23,4989,25.7
2009-07-24,5669,27.6
2009-07-25,4889,28.0
2009-07-26,2976,24.2
2009-07-27,5757,22.6
2009-07-28,5397,23.0
2009-07-29,4720,23.8
2009-07-30,3095,21.1
2009-07-31,5049,22.0
2009-08-01,6130,22.9
2009-08-02,5156,24.5
2009-08-03,4675,26.0
2009-08-04,4893,25.9
2009-08-05,6038,26.6
2009-08-06,4712,26.4
2009-08-07,5732,24.4
2009-08-08,6546,24.1
2009-08-09,6583,23.2
2009-08-10,6282,23.4
2009-08-11,6049,24.3
2009-08-12,5856,25.6
2009-08-13,5352,26.6
2009-08-14,3737,24.4
2009-08-15,5816,21.8
2009-08-16,6300,22.5
2009-08-17,6346,22.9
2009-08-18,3751,22.1
2009-08-19,6458,22.2
2009-08-20,6628,22.4
2009-08-21,6549,24.8
2009-08-22,6544,26.1
2009-08-23,5478,26.7
2009-08-24,2475,21.7
2009-08-25,4263,19.4
2009-08-26,5679,21.3
2009-08-27,6806,21.8
2009-08-28,6327,23.2
2009-08-29,4729,23.2
2009-08-30,3769,23.5
2009-08-31,5936,22.6
2009-09-01,6066,23.2
2009-09-02,4512,23.3
2009-09-03,4680,23.2
2009-09-04,6080,22.4
2009-09-05,6338,21.8
2009-09-06,4958,20.4
2009-09-07,5944,20.7
2009-09-08,4624,22.1
2009-09-09,5276,20.2
2009-09-10,5182,20.4
2009-09-11,6412,21.2
2009-09-12,2355,18.5
2009-09-13,6189,17.7
2009-09-14,6218,20.1
2009-09-15,6091,20.1
2009-09-16,3993,17.1
2009-09-17,6181,16.4
2009-09-18,6734,17.4
2009-09-19,6995,18.3
2009-09-20,5193,18.9
2009-09-21,1582,13.9
2009-09-22,4403,7.1
2009-09-23,1459,10.7
2009-09-24,4994,9.4
2009-09-25,4974,12.6
2009-09-26,7402,16.6
2009-09-27,7642,19.2
2009-09-28,7535,17.6
2009-09-29,7431,18.6
2009-09-30,5973,18.1
2009-10-01,7888,10.3
2009-10-02,7844,9.7
2009-10-03,7770,11.5
2009-10-04,5770,13.5
2009-10-05,6497,14.6
2009-10-06,7868,10.5
2009-10-07,4414,11.6
2009-10-08,1086,9.7
2009-10-09,4997,8.3
2009-10-10,1586,11.8
2009-10-11,3572,11.7
2009-10-12,5792,14.1
2009-10-13,6592,13.7
2009-10-14,5990,13.4
2009-10-15,6872,13.5
2009-10-16,7527,12.6
2009-10-17,7576,12.8
2009-10-18,7638,14.9
2009-10-19,6500,15.2
2009-10-20,5320,14.3
2009-10-21,573,8.4
2009-10-22,7473,7.4
2009-10-23,7628,9.0
2009-10-24,6125,10.0
2009-10-25,1608,8.4
2009-10-26,7378,4.7
2009-10-27,3920,6.1
2009-10-28,679,3.6
2009-10-29,1319,-0.8
2009-10-30,5539,-1.4
2009-10-31,7645,3.2
2009-11-01,7608,4.9
2009-11-02,7592,5.9
2009-11-03,7636,8.0
2009-11-04,7741,9.7
2009-11-05,6280,10.3
2009-11-06,4863,11.0
2009-11-07,6568,11.6
2009-11-08,3997,10.3
2009-11-09,7437,9.0
2009-11-10,6594,9.3
2009-11-11,3918,8.9
2009-11-12,4395,9.7
2009-11-13,3721,9.8
2009-11-14,1802,7.1
2009-11-15,2260,3.5
2009-11-16,6606,2.9
2009-11-17,7472,6.0
2009-11-18,7572,6.9
2009-11-19,7358,5.9
2009-11-20,7619,5.5
2009-11-21,5387,4.0
2009-11-22,6472,2.2
2009-11-23,5839,-0.1
2009-11-24,7183,-2.2
2009-11-25,6924,0.2
2009-11-26,7526,2.7
2009-11-27,7657,1.3
2009-11-28,3849,1.3
2009-11-29,4701,3.7
2009-11-30,7387,2.3
2009-12-01,7013,0.3
2009-12-02,592,-0.1
2009-12-03,3676,-5.5
2009-12-04,7408,-6.3
2009-12-05,4458,-1.6
2009-12-06,2497,-1.7
2009-12-07,763,-2.0
2009-12-08,5555,1.8
2009-12-09,3352,-7.1
2009-12-10,2905,-6.1
2009-12-11,6328,-3.9
2009-12-12,6856,-1.9
2009-12-13,1624,0.6
2009-12-14,6848,-0.9
2009-12-15,7065,-1.9
2009-12-16,4483,1.0
2009-12-17,5769,1.8
2009-12-18,4326,0.1
2009-12-19,7681,-1.0
2009-12-20,7302,0.0
2009-12-21,6233,-1.9
2009-12-22,1752,-2.0
2009-12-23,2845,-0.5
2009-12-24,7818,-2.8
2009-12-25,6643,-9.8
2009-12-26,3658,-7.2
2009-12-27,6531,-5.0
2009-12-28,6899,-4.1
2009-12-29,1902,-1.5
2009-12-30,3784,-1.7
2009-12-31,7724,-2.6
2010-01-01,6974,-1.6
2010-01-02,6441,1.9
2010-01-03,6598,-1.2
2010-01-04,7488,-2.0
2010-01-05,3311,-1.1
2010-01-06,7397,-2.1
2010-01-07,4720,-2.5
2010-01-08,7730,-7.9
2010-01-09,5855,-3.8
2010-01-10,6627,-2.5
2010-01-11,7843,0.6
2010-01-12,7821,1.8
2010-01-13,5274,2.7
2010-01-14,4242,3.3
2010-01-15,7701,2.1
2010-01-16,6080,2.6
2010-01-17,3478,1.0
2010-01-18,2566,-1.1
2010-01-19,3906,-1.8
2010-01-20,3651,-2.4
2010-01-21,3319,-3.1
2010-01-22,4457,3.6
2010-01-23,5499,-4.5
2010-01-24,5986,-5.1
2010-01-25,7694,-5.1
2010-01-26,5248,-3.2
2010-01-27,4009,-1.7
2010-01-28,1590,0.1
2010-01-29,7769,0.3
2010-01-30,6810,-0.2
2010-01-31,6599,0.4
2010-02-01,7905,-2.3
2010-02-02,4737,-1.8
2010-02-03,2571,-1.0
2010-02-04,7468,2.1
2010-02-05,5948,1.5
2010-02-06,4866,2.1
2010-02-07,976,1.0
2010-02-08,1004,-1.1
2010-02-09,7038,-1.6
2010-02-10,5927,-2.0
2010-02-11,7229,-2.3
2010-02-12,6461,-1.8
2010-02-13,5028,1.9
2010-02-14,5294,-0.3
2010-02-15,6000,-2.6
2010-02-16,7922,1.3
2010-02-17,3178,1.5
2010-02-18,5284,1.6
2010-02-19,2267,-3.0
2010-02-20,1035,0.6
2010-02-21,874,-0.7
2010-02-22,2214,-2.3
2010-02-23,7989,-6.6
2010-02-24,3066,-4.9
2010-02-25,3847,-0.3
2010-02-26,7057,-1.6
2010-02-27,3051,-3.2
2010-02-28,3791,0.1
2010-03-01,2643,2.9
2010-03-02,7167,0.9
2010-03-03,7998,2.5
2010-03-04,6424,2.2
2010-03-05,7936,3.2
2010-03-06,6402,1.0
2010-03-07,6069,6.6
2010-03-08,1971,6.5
2010-03-09,7080,4.2
2010-03-10,5020,5.1
2010-03-11,7192,3.1
2010-03-12,8144,0.6
2010-03-13,6617,4.4
2010-03-14,1108,4.7
2010-03-15,4809,3.8
2010-03-16,8059,4.1
2010-03-17,7191,6.5
2010-03-18,5779,8.9
2010-03-19,1060,4.8
2010-03-20,7777,-2.8
2010-03-21,8000,0.3
2010-03-22,7639,2.5
2010-03-23,4787,5.6
2010-03-24,2515,3.2
2010-03-25,5376,-0.2
2010-03-26,4715,3.5
2010-03-27,4723,2.6
2010-03-28,7678,2.2
2010-03-29,3440,4.5
2010-03-30,6775,11.0
2010-03-31,6009,11.6
2010-04-01,5277,7.8
2010-04-02,5305,0.6
2010-04-03,7052,4.9
2010-04-04,7552,8.7
2010-04-05,4764,9.9
2010-04-06,6741,5.7
2010-04-07,5760,1.7
2010-04-08,7499,5.4
2010-04-09,7167,9.7
2010-04-10,6665,11.3
2010-04-11,6216,12.2
2010-04-12,4301,12.8
2010-04-13,6958,13.1
2010-04-14,6448,8.7
2010-04-15,6427,10.3
2010-04-16,1632,11.2
2010-04-17,2719,10.5
2010-04-18,5188,11.5
2010-04-19,5327,12.9
2010-04-20,4945,12.4
2010-04-21,5149,12.9
2010-04-22,5831,10.7
2010-04-23,2954,7.2
2010-04-24,4514,7.3
2010-04-25,5092,8.5
2010-04-26,5481,9.4
2010-04-27,6661,11.2
2010-04-28,6667,15.7
2010-04-29,3110,13.1
2010-04-30,4985,5.7
2010-05-01,5890,6.6
2010-05-02,3291,7.3
2010-05-03,6479,8.6
2010-05-04,6633,13.6
2010-05-05,6143,14.9
2010-05-06,4635,17.3
2010-05-07,6404,10.2
2010-05-08,5620,10.2
2010-05-09,6445,14.1
2010-05-10,5801,14.2
2010-05-11,1366,12.8
2010-05-12,5842,10.9
2010-05-13,3243,9.6
2010-05-14,2291,12.3
2010-05-15,4849,11.7
2010-05-16,5767,12.1
2010-05-17,5956,16.3
2010-05-18,4761,16.7
2010-05-19,4499,13.5
2010-05-20,5792,15.5
2010-05-21,4888,18.2
2010-05-22,6162,20.8
2010-05-23,6107,20.2
2010-05-24,5999,17.0
2010-05-25,6078,14.1
2010-05-26,4896,18.1
2010-05-27,5970,20.5
2010-05-28,5714,21.8
2010-05-29,5709,22.0
2010-05-30,5921,18.2
2010-05-31,5979,19.0
2010-06-01,5542,20.5
2010-06-02,4023,19.6
2010-06-03,5159,20.6
2010-06-04,5506,23.0
2010-06-05,5563,26.2
2010-06-06,3876,25.2
2010-06-07,4253,26.0
2010-06-08,5319,26.4
2010-06-09,5665,25.6
2010-06-10,4599,25.6
2010-06-11,4189,23.9
2010-06-12,1947,18.3
2010-06-13,3627,15.7
2010-06-14,4341,15.2
2010-06-15,5730,17.6
2010-06-16,5129,21.4
2010-06-17,5856,23.6
2010-06-18,5825,22.9
2010-06-19,5706,23.7
2010-06-20,5705,24.2
2010-06-21,5728,23.5
2010-06-22,3015,24.4
2010-06-23,5688,23.5
2010-06-24,4759,25.7
2010-06-25,4404,26.5
2010-06-26,3710,26.0
2010-06-27,3809,22.7
2010-06-28,5345,22.4
2010-06-29,5601,24.1
2010-06-30,5704,24.0
2010-07-01,4899,25.6
2010-07-02,4156,25.1
2010-07-03,5498,24.7
2010-07-04,4899,25.1
2010-07-05,5779,23.3
2010-07-06,5414,24.4
2010-07-07,2266,24.8
2010-07-08,4183,21.2
2010-07-09,5216,21.6
2010-07-10,5394,24.7
2010-07-11,3641,25.4
2010-07-12,5669,25.4
2010-07-13,4778,27.1
2010-07-14,3964,26.9
2010-07-15,5616,26.3
2010-07-16,5927,27.8
2010-07-17,4984,28.9
2010-07-18,3572,28.9
2010-07-19,5438,28.3
2010-07-20,4722,26.2
2010-07-21,4726,25.1
2010-07-22,3998,25.1
2010-07-23,3004,25.3
2010-07-24,5393,23.8
2010-07-25,5370,20.8
2010-07-26,5958,23.4
2010-07-27,4497,26.6
2010-07-28,4998,25.6
2010-07-29,4566,23.5
2010-07-30,4401,24.2
2010-07-31,3597,24.2
2010-08-01,4379,23.7
2010-08-02,3992,22.9
2010-08-03,4491,22.3
2010-08-04,4560,23.2
2010-08-05,4835,23.3
2010-08-06,5536,21.9
2010-08-07,4775,24.2
2010-08-08,5946,23.8
2010-08-09,3409,23.5
2010-08-10,4758,21.0
2010-08-11,5282,24.1
2010-08-12,5234,23.8
2010-08-13,6581,22.7
2010-08-14,6617,24.3
2010-08-15,6021,24.5
2010-08-16,4035,24.4
2010-08-17,6565,22.8
2010-08-18,6637,25.3
2010-08-19,4284,25.5
2010-08-20,6631,23.5
2010-08-21,4759,25.8
2010-08-22,4054,25.3
2010-08-23,2117,25.9
2010-08-24,3956,20.6
2010-08-25,6772,21.8
2010-08-26,6951,24.3
2010-08-27,6076,25.2
2010-08-28,4552,24.7
2010-08-29,6508,22.0
2010-08-30,4385,21.3
2010-08-31,5289,21.7
2010-09-01,7062,22.2
2010-09-02,7121,23.0
2010-09-03,7145,21.3
2010-09-04,6578,23.2
2010-09-05,6779,24.3
2010-09-06,7307,24.5
2010-09-07,6986,20.7
2010-09-08,3376,23.9
2010-09-09,7291,21.2
2010-09-10,7460,20.0
2010-09-11,7571,19.0
2010-09-12,6163,20.1
2010-09-13,4876,21.8
2010-09-14,5012,22.8
2010-09-15,7257,23.0
2010-09-16,7413,21.8
2010-09-17,7588,22.2
2010-09-18,7619,23.2
2010-09-19,7758,23.2
2010-09-20,5564,22.5
2010-09-21,6511,19.9
2010-09-22,1579,19.7
2010-09-23,7232,17.9
2010-09-24,7643,17.5
2010-09-25,7625,19.8
2010-09-26,7630,20.6
2010-09-27,7635,22.5
2010-09-28,7697,22.7
2010-09-29,7688,22.9
2010-09-30,7515,20.9
2010-10-01,7188,22.2
2010-10-02,7189,19.4
2010-10-03,7060,19.1
2010-10-04,6539,18.3
2010-10-05,5741,17.1
2010-10-06,4343,17.8
2010-10-07,6168,17.9
2010-10-08,5840,17.5
2010-10-09,6213,13.1
2010-10-10,2993,12.7
2010-10-11,6851,13.3
2010-10-12,1349,11.7
2010-10-13,7404,11.9
2010-10-14,7768,14.3
2010-10-15,7800,15.1
2010-10-16,7642,15.7
2010-10-17,7598,14.9
2010-10-18,3445,14.0
2010-10-19,7688,12.9
2010-10-20,7613,14.1
2010-10-21,2093,13.4
2010-10-22,3515,10.6
2010-10-23,3462,11.1
2010-10-24,4923,10.9
2010-10-25,1656,11.4
2010-10-26,7027,3.0
2010-10-27,7972,0.2
2010-10-28,7423,3.5
2010-10-29,7591,4.8
2010-10-30,7238,6.7
2010-10-31,7429,8.0
2010-11-01,6385,6.3
2010-11-02,7413,8.1
2010-11-03,7535,10.2
2010-11-04,5820,10.3
2010-11-05,7634,10.3
2010-11-06,7602,10.9
2010-11-07,6978,10.7
2010-11-08,7612,9.7
2010-11-09,6278,8.8
2010-11-10,7661,4.3
2010-11-11,6545,4.7
2010-11-12,7631,3.6
2010-11-13,6650,3.6
2010-11-14,5886,3.2
2010-11-15,3652,3.6
2010-11-16,7295,4.2
2010-11-17,7713,5.0
2010-11-18,7500,6.0
2010-11-19,4749,6.9
2010-11-20,6018,7.1
2010-11-21,6057,7.6
2010-11-22,5090,3.0
2010-11-23,7528,1.7
2010-11-24,3521,2.2
2010-11-25,7965,-6.6
2010-11-26,7467,-2.6
2010-11-27,7741,4.0
2010-11-28,7316,1.9
2010-11-29,3180,-0.2
2010-11-30,7519,-1.2
2010-12-01,7024,0.4
2010-12-02,7041,0.0
2010-12-03,7278,3.2
2010-12-04,4215,5.1
2010-12-05,4722,4.3
2010-12-06,6565,4.4
2010-12-07,5611,4.2
2010-12-08,4470,3.7
2010-12-09,4990,5.2
2010-12-10,4678,4.4
2010-12-11,6847,3.3
2010-12-12,6117,3.2
2010-12-13,6592,6.5
2010-12-14,5878,4.7
2010-12-15,4342,6.5
2010-12-16,1111,2.6
2010-12-17,2576,0.9
2010-12-18,7206,1.4
2010-12-19,5645,4.5
2010-12-20,4968,7.6
2010-12-21,4391,6.7
2010-12-22,435,4.1
2010-12-23,3444,3.2
2010-12-24,3216,4.6
2010-12-25,7054,2.1
2010-12-26,5766,-0.2
2010-12-27,5713,0.1
2010-12-28,5984,1.8
2010-12-29,4016,-0.2
2010-12-30,1698,-2.3
2010-12-31,3036,-7.0
2011-01-01,7636,-10.5
2011-01-02,7630,-6.0
2011-01-03,7451,-4.1
2011-01-04,7459,-6.3
2011-01-05,5374,-5.7
2011-01-06,7399,-2.9
2011-01-07,7304,-0.1
2011-01-08,6750,1.4
2011-01-09,954,2.5
2011-01-10,2784,-3.1
2011-01-11,6211,-6.9
2011-01-12,6364,-2.7
2011-01-13,6216,1.3
2011-01-14,7447,3.7
2011-01-15,2801,3.1
2011-01-16,2618,3.6
2011-01-17,7407,6.4
2011-01-18,5542,1.1
2011-01-19,4051,-1.5
2011-01-20,7834,-1.4
2011-01-21,7848,-2.2
2011-01-22,6255,-2.1
2011-01-23,5724,-0.5
2011-01-24,4018,-0.5
2011-01-25,5379,-1.0
2011-01-26,6423,1.3
2011-01-27,6688,2.5
2011-01-28,7758,4.2
2011-01-29,7822,2.2
2011-01-30,4002,4.0
2011-01-31,1967,1.8
2011-02-01,3252,-9.1
2011-02-02,7896,-16.4
2011-02-03,3470,-9.0
2011-02-04,5450,0.4
2011-02-05,2445,2.5
2011-02-06,1741,-1.1
2011-02-07,6185,-2.2
2011-02-08,1522,-3.8
2011-02-09,8255,-11.7
2011-02-10,8085,-10.1
2011-02-11,7825,-5.8
2011-02-12,2413,-3.2
2011-02-13,8083,-0.0
2011-02-14,7789,5.3
2011-02-15,7891,5.2
2011-02-16,5489,5.3
2011-02-17,6173,6.1
2011-02-18,4391,4.4
2011-02-19,5731,5.8
2011-02-20,5544,4.4
2011-02-21,7527,-1.7
2011-02-22,8496,-3.3
2011-02-23,8444,-1.6
2011-02-24,6790,-0.6
2011-02-25,1519,0.2
2011-02-26,3982,4.1
2011-02-27,4365,3.5
2011-02-28,8281,3.8
2011-03-01,8278,6.2
2011-03-02,6942,8.4
2011-03-03,7598,8.4
2011-03-04,3137,5.6
2011-03-05,5038,3.4
2011-03-06,3652,4.7
2011-03-07,1810,2.2
2011-03-08,1856,3.8
2011-03-09,8108,1.3
2011-03-10,8014,3.0
2011-03-11,7197,9.3
2011-03-12,7680,9.9
2011-03-13,5452,9.1
2011-03-14,6443,7.4
2011-03-15,4866,6.9
2011-03-16,6225,6.7
2011-03-17,6314,13.4
2011-03-18,6379,11.2
2011-03-19,6493,11.5
2011-03-20,4524,11.3
2011-03-21,7124,11.6
2011-03-22,7604,8.6
2011-03-23,8004,6.4
2011-03-24,5301,8.2
2011-03-25,4532,7.2
2011-03-26,6258,7.6
2011-03-27,7108,8.5
2011-03-28,7105,9.4
2011-03-29,7375,7.2
2011-03-30,6173,8.6
2011-03-31,6830,12.0
2011-04-01,6684,14.7
2011-04-02,6995,14.5
2011-04-03,2826,15.7
2011-04-04,7454,6.0
2011-04-05,7442,11.8
2011-04-06,5768,14.7
2011-04-07,5125,11.3
2011-04-08,5877,11.7
2011-04-09,4714,13.0
2011-04-10,6043,6.4
2011-04-11,7206,8.4
2011-04-12,4769,12.0
2011-04-13,5687,12.1
2011-04-14,5372,10.4
2011-04-15,7386,7.9
2011-04-16,5986,11.0
2011-04-17,6777,13.7
2011-04-18,4657,16.2
2011-04-19,5728,13.7
2011-04-20,1628,12.4
2011-04-21,5304,15.7
2011-04-22,5253,13.9
2011-04-23,3206,11.3
2011-04-24,2267,10.8
2011-04-25,4076,8.8
2011-04-26,4079,8.7
2011-04-27,4732,6.9
2011-04-28,6683,9.8
2011-04-29,5291,13.9
2011-04-30,6634,9.4
2011-05-01,3161,4.5
2011-05-02,4615,4.3
2011-05-03,5804,8.5
2011-05-04,6580,12.7
2011-05-05,6750,12.1
2011-05-06,6274,15.2
2011-05-07,6404,17.7
2011-05-08,6530,17.8
2011-05-09,6167,16.7
2011-05-10,6082,13.7
2011-05-11,1667,10.9
2011-05-12,4790,9.7
2011-05-13,6343,13.9
2011-05-14,4119,14.7
2011-05-15,2303,14.1
2011-05-16,5979,16.1
2011-05-17,5131,15.7
2011-05-18,3154,13.4
2011-05-19,4660,9.8
2011-05-20,4767,10.0
2011-05-21,6076,12.4
2011-05-22,4815,15.9
2011-05-23,4286,16.1
2011-05-24,4042,14.7
2011-05-25,5426,14.6
2011-05-26,5315,17.6
2011-05-27,5867,20.0
2011-05-28,5797,21.0
2011-05-29,5989,22.4
2011-05-30,6073,18.7
2011-05-31,6088,15.9
2011-06-01,5015,21.5
2011-06-02,5981,23.4
2011-06-03,5936,21.4
2011-06-04,5472,22.6
2011-06-05,5303,22.8
2011-06-06,5761,24.7
2011-06-07,6034,22.9
2011-06-08,5670,21.7
2011-06-09,5775,21.8
2011-06-10,5040,21.2
2011-06-11,5297,22.6
2011-06-12,5897,22.6
2011-06-13,4952,22.1
2011-06-14,5825,22.4
2011-06-15,5817,22.5
2011-06-16,5577,24.4
2011-06-17,2888,23.8
2011-06-18,3797,21.9
2011-06-19,5631,22.5
2011-06-20,3838,16.6
2011-06-21,5644,17.6
2011-06-22,5746,21.4
2011-06-23,4588,24.3
2011-06-24,5727,25.9
2011-06-25,5748,26.5
2011-06-26,5879,25.9
2011-06-27,5054,24.5
2011-06-28,4515,26.9
2011-06-29,4019,26.8
2011-06-30,3759,27.1
2011-07-01,5755,23.8
2011-07-02,4712,26.3
2011-07-03,4136,27.1
2011-07-04,5684,27.9
2011-07-05,5588,28.3
2011-07-06,3932,28.2
2011-07-07,3981,27.3
2011-07-08,4069,26.1
2011-07-09,4302,25.1
2011-07-10,3613,25.1
2011-07-11,3478,25.9
2011-07-12,5255,24.3
2011-07-13,5141,25.1
2011-07-14,4205,26.1
2011-07-15,4256,25.3
2011-07-16,3803,27.2
2011-07-17,5586,28.7
2011-07-18,5090,28.6
2011-07-19,4313,27.7
2011-07-20,4229,26.2
2011-07-21,3386,24.8
2011-07-22,5216,25.6
2011-07-23,5395,27.9
2011-07-24,5104,27.9
2011-07-25,5338,27.4
2011-07-26,5145,25.9
2011-07-27,4282,25.1
2011-07-28,5214,26.3
2011-07-29,4723,24.6
2011-07-30,5349,25.7
2011-07-31,3707,26.1
2011-08-01,5497,25.9
2011-08-02,2557,25.4
2011-08-03,5408,22.8
2011-08-04,3781,23.0
2011-08-05,5137,24.5
2011-08-06,5889,25.3
2011-08-07,6344,25.3
2011-08-08,6451,26.6
2011-08-09,6476,25.7
2011-08-10,5687,26.8
2011-08-11,5533,25.8
2011-08-12,5049,26.2
2011-08-13,5898,26.8
2011-08-14,4620,26.9
2011-08-15,4162,25.2
2011-08-16,5906,26.4
2011-08-17,6226,26.8
2011-08-18,4895,26.9
2011-08-19,2797,26.5
2011-08-20,5842,24.1
2011-08-21,5265,22.7
2011-08-22,4236,23.9
2011-08-23,5834,26.4
2011-08-24,3767,27.1
2011-08-25,4908,25.9
2011-08-26,3817,25.2
2011-08-27,4994,25.8
2011-08-28,4718,26.1
2011-08-29,4445,24.8
2011-08-30,5684,23.3
2011-08-31,5609,25.2
2011-09-01,6322,25.2
2011-09-02,5332,25.5
2011-09-03,6351,23.7
2011-09-04,6575,19.6
2011-09-05,6369,21.2
2011-09-06,2177,21.7
2011-09-07,2313,17.2
2011-09-08,5143,15.8
2011-09-09,7096,16.3
2011-09-10,6935,16.3
2011-09-11,6966,16.6
2011-09-12,5822,18.6
2011-09-13,2858,18.5
2011-09-14,2172,15.7
2011-09-15,4556,14.5
2011-09-16,5559,16.3
2011-09-17,5106,15.2
2011-09-18,6491,15.8
2011-09-19,7343,17.7
2011-09-20,7016,18.9
2011-09-21,6887,18.1
2011-09-22,7721,16.6
2011-09-23,7414,18.5
2011-09-24,7218,20.2
2011-09-25,6822,20.7
2011-09-26,6217,21.0
2011-09-27,6622,20.5
2011-09-28,7030,19.8
2011-09-29,7496,19.7
2011-09-30,7142,18.2
2011-10-01,5917,18.6
2011-10-02,5684,18.7
2011-10-03,6292,18.8
2011-10-04,3645,16.5
2011-10-05,5698,14.1
2011-10-06,1725,12.6
2011-10-07,4253,8.7
2011-10-08,4171,8.2
2011-10-09,5290,7.6
2011-10-10,7762,9.0
2011-10-11,6249,11.3
2011-10-12,7100,13.2
2011-10-13,7670,13.5
2011-10-14,7668,14.8
2011-10-15,6092,15.4
2011-10-16,7550,16.2
2011-10-17,5578,14.8
2011-10-18,7847,10.2
2011-10-19,7844,10.2
2011-10-20,7835,12.5
2011-10-21,7235,12.3
2011-10-22,7091,12.8
2011-10-23,7853,13.0
2011-10-24,7356,13.0
2011-10-25,4829,14.8
2011-10-26,825,8.4
2011-10-27,7723,2.5
2011-10-28,8019,4.6
2011-10-29,6303,4.0
2011-10-30,7793,6.1
2011-10-31,6883,8.9
2011-11-01,7077,9.4
2011-11-02,4058,5.1
2011-11-03,7973,3.0
2011-11-04,4486,6.3
2011-11-05,4856,8.5
2011-11-06,7867,3.6
2011-11-07,6988,3.3
2011-11-08,6052,3.1
2011-11-09,7940,1.1
2011-11-10,7900,0.3
2011-11-11,4151,1.2
2011-11-12,7612,5.8
2011-11-13,4399,8.0
2011-11-14,6879,5.8
2011-11-15,7195,4.9
2011-11-16,7750,4.1
2011-11-17,7476,1.8
2011-11-18,7602,0.6
2011-11-19,7357,2.6
2011-11-20,7351,3.1
2011-11-21,5027,3.4
2011-11-22,6754,2.8
2011-11-23,7163,4.1
2011-11-24,7253,6.8
2011-11-25,4240,6.6
2011-11-26,7742,2.8
2011-11-27,7306,5.7
2011-11-28,5983,7.5
2011-11-29,7332,6.6
2011-11-30,7036,2.8
2011-12-01,2089,0.8
2011-12-02,7262,-1.1
2011-12-03,1352,-1.1
2011-12-04,1444,-3.1
2011-12-05,3956,-8.5
2011-12-06,7465,-8.7
2011-12-07,7275,-2.6
2011-12-08,3436,-2.3
2011-12-09,7259,-3.9
2011-12-10,7224,-2.8
2011-12-11,6854,-2.4
2011-12-12,2913,-3.2
2011-12-13,6332,1.9
2011-12-14,4108,0.8
2011-12-15,7232,-4.9
2011-12-16,7329,-4.7
2011-12-17,7451,-2.6
2011-12-18,7281,0.0
2011-12-19,1283,-0.8
2011-12-20,6611,-1.2
2011-12-21,5833,-4.6
2011-12-22,1877,-2.4
2011-12-23,7506,-8.5
2011-12-24,7406,-5.2
2011-12-25,7219,-4.2
2011-12-26,5965,-3.1
2011-12-27,7238,-3.9
2011-12-28,3679,-1.5
2011-12-29,7104,0.9
2011-12-30,6577,1.5
2011-12-31,7135,0.5
2012-01-01,6120,-3.5
2012-01-02,7473,-0.8
2012-01-03,4341,0.2
2012-01-04,6124,0.7
2012-01-05,7509,4.5
2012-01-06,5951,3.0
2012-01-07,6511,-0.7
2012-01-08,6675,-0.3
2012-01-09,7277,-3.0
2012-01-10,7696,-0.2
2012-01-11,1100,-3.5
2012-01-12,7840,-6.9
2012-01-13,7541,-5.1
2012-01-14,7195,-3.2
2012-01-15,4138,-1.4
2012-01-16,3663,2.1
2012-01-17,6037,-1.8
2012-01-18,5484,0.1
2012-01-19,7434,5.5
2012-01-20,6025,3.1
2012-01-21,6004,-0.2
2012-01-22,5477,3.8
2012-01-23,7307,-1.1
2012-01-24,5508,-3.2
2012-01-25,7714,-2.1
2012-01-26,6255,-0.7
2012-01-27,4201,-1.0
2012-01-28,7292,-6.4
2012-01-29,2194,-3.2
2012-01-30,5005,-1.7
2012-01-31,4174,-2.0
2012-02-01,6512,-2.0
2012-02-02,855,0.4
2012-02-03,1141,0.1
2012-02-04,7814,-3.1
2012-02-05,7783,-3.9
2012-02-06,4136,-1.6
2012-02-07,653,-1.4
2012-02-08,4038,-3.1
2012-02-09,4757,-0.4
2012-02-10,5293,-2.7
2012-02-11,623,0.5
2012-02-12,2957,-0.1
2012-02-13,6873,-2.3
2012-02-14,6067,-2.0
2012-02-15,7071,-2.9
2012-02-16,6770,-1.1
2012-02-17,8207,-0.9
2012-02-18,8241,0.3
2012-02-19,4389,0.1
2012-02-20,7393,-3.7
2012-02-21,8095,-4.6
2012-02-22,4362,3.3
2012-02-23,1696,5.4
2012-02-24,7001,-1.2
2012-02-25,8284,1.7
2012-02-26,7616,-0.1
2012-02-27,8114,0.7
2012-02-28,3990,2.5
2012-02-29,8260,-1.7
2012-03-01,3207,0.2
2012-03-02,2572,-3.1
2012-03-03,7623,-5.3
2012-03-04,8290,0.9
2012-03-05,8471,1.7
2012-03-06,5128,2.9
2012-03-07,3244,5.8
2012-03-08,3938,2.4
2012-03-09,8433,2.6
2012-03-10,7556,4.8
2012-03-11,5217,5.6
2012-03-12,7320,8.4
2012-03-13,8191,9.3
2012-03-14,7731,9.6
2012-03-15,8063,9.7
2012-03-16,7328,10.7
2012-03-17,5443,11.1
2012-03-18,4604,11.1
2012-03-19,4386,3.2
2012-03-20,6591,3.3
2012-03-21,7869,6.5
2012-03-22,7838,10.6
2012-03-23,7977,12.5
2012-03-24,7889,12.7
2012-03-25,5369,14.2
2012-03-26,7391,13.8
2012-03-27,6779,12.1
2012-03-28,7758,12.6
2012-03-29,7525,12.7
2012-03-30,6199,13.4
2012-03-31,7344,14.8
2012-04-01,7824,15.8
2012-04-02,1576,11.1
2012-04-03,1177,5.7
2012-04-04,6964,9.0
2012-04-05,6115,12.3
2012-04-06,7559,13.3
2012-04-07,7583,10.7
2012-04-08,7338,12.5
2012-04-09,7135,14.4
2012-04-10,5066,15.5
2012-04-11,3365,16.1
2012-04-12,6154,11.7
2012-04-13,5656,10.2
2012-04-14,4762,11.1
2012-04-15,2658,7.7
2012-04-16,5646,7.8
2012-04-17,6195,10.7
2012-04-18,5906,13.3
2012-04-19,3477,14.7
2012-04-20,6808,12.9
2012-04-21,7022,16.2
2012-04-22,6028,16.4
2012-04-23,6360,18.2
2012-04-24,5916,18.9
2012-04-25,4630,19.3
2012-04-26,3420,19.6
2012-04-27,6614,14.7
2012-04-28,5151,12.9
2012-04-29,4919,12.9
2012-04-30,6882,14.2
2012-05-01,4809,17.1
2012-05-02,5784,17.6
2012-05-03,6135,18.7
2012-05-04,6614,19.7
2012-05-05,6291,19.8
2012-05-06,5426,17.9
2012-05-07,822,13.4
2012-05-08,6296,10.9
2012-05-09,6509,14.7
2012-05-10,5717,18.0
2012-05-11,2134,15.9
2012-05-12,3552,13.4
2012-05-13,3817,13.4
2012-05-14,6304,13.1
2012-05-15,6336,17.4
2012-05-16,5785,18.8
2012-05-17,4986,18.5
2012-05-18,4930,19.8
2012-05-19,4324,17.4
2012-05-20,6027,16.8
2012-05-21,5995,20.5
2012-05-22,5812,21.8
2012-05-23,3706,23.6
2012-05-24,5952,19.4
2012-05-25,5512,20.0
2012-05-26,6084,23.4
2012-05-27,5860,17.4
2012-05-28,6052,15.7
2012-05-29,5998,19.4
2012-05-30,5143,21.0
2012-05-31,5456,20.8
2012-06-01,3720,21.8
2012-06-02,3393,22.9
2012-06-03,4189,22.6
2012-06-04,5277,23.8
2012-06-05,4566,22.7
2012-06-06,5292,23.3
2012-06-07,5843,23.8
2012-06-08,5821,24.5
2012-06-09,5771,25.4
2012-06-10,5691,24.3
2012-06-11,5585,20.5
2012-06-12,4516,22.7
2012-06-13,5768,24.7
2012-06-14,5193,25.7
2012-06-15,5075,24.8
2012-06-16,4208,24.6
2012-06-17,5760,24.9
2012-06-18,5763,27.2
2012-06-19,5755,27.5
2012-06-20,5743,27.6
2012-06-21,5321,24.2
2012-06-22,5615,27.2
2012-06-23,4933,28.5
2012-06-24,5105,28.8
2012-06-25,5484,29.7
2012-06-26,5617,29.0
2012-06-27,4479,27.7
2012-06-28,4258,25.6
2012-06-29,4771,25.0
2012-06-30,4448,27.0
2012-07-01,4341,27.8
2012-07-02,3405,27.6
2012-07-03,4452,26.8
2012-07-04,4421,26.3
2012-07-05,3781,26.3
2012-07-06,3818,23.5
2012-07-07,3702,20.6
2012-07-08,3979,20.4
2012-07-09,4798,21.0
2012-07-10,5542,21.1
2012-07-11,4832,22.2
2012-07-12,4565,24.0
2012-07-13,5426,24.7
2012-07-14,4355,24.3
2012-07-15,5564,24.3
2012-07-16,3420,24.9
2012-07-17,5247,23.6
2012-07-18,4820,24.9
2012-07-19,5718,24.8
2012-07-20,5851,27.3
2012-07-21,5605,27.6
2012-07-22,3592,26.6
2012-07-23,4333,27.2
2012-07-24,5522,26.8
2012-07-25,4033,25.3
2012-07-26,5364,25.8
2012-07-27,3200,25.8
2012-07-28,4843,24.1
2012-07-29,4762,27.2
2012-07-30,5842,27.4
2012-07-31,5549,26.5
2012-08-01,5144,26.6
2012-08-02,4330,25.8
2012-08-03,5669,26.9
2012-08-04,6176,26.7
2012-08-05,5524,25.7
2012-08-06,4189,26.8
2012-08-07,4488,27.1
2012-08-08,6270,28.3
2012-08-09,5408,27.4
2012-08-10,4662,27.7
2012-08-11,4556,27.1
2012-08-12,6007,25.2
2012-08-13,3098,24.7
2012-08-14,5029,24.1
2012-08-15,4307,25.0
2012-08-16,6187,24.9
2012-08-17,5197,25.8
2012-08-18,6443,25.6
2012-08-19,6575,24.2
2012-08-20,1920,23.8
2012-08-21,6451,22.9
2012-08-22,3248,25.4
2012-08-23,2570,22.0
2012-08-24,3084,20.3
2012-08-25,6515,22.1
2012-08-26,6221,24.2
2012-08-27,6208,25.5
2012-08-28,4529,25.2
2012-08-29,6621,25.1
2012-08-30,6259,25.9
2012-08-31,6715,25.3
2012-09-01,4407,25.3
2012-09-02,4343,25.3
2012-09-03,4055,23.1
2012-09-04,6803,24.2
2012-09-05,6982,24.3
2012-09-06,6112,23.5
2012-09-07,4404,23.1
2012-09-08,7078,19.9
2012-09-09,7232,21.5
2012-09-10,5787,22.0
2012-09-11,3940,22.3
2012-09-12,567,17.5
2012-09-13,5646,15.0
2012-09-14,7457,16.0
2012-09-15,7510,18.1
2012-09-16,7410,20.1
2012-09-17,3273,18.4
2012-09-18,7323,17.0
2012-09-19,0,19.2
2012-09-20,0,19.9
2012-09-21,0,19.8
2012-09-22,0,20.9
2012-09-23,0,20.7
2012-09-24,0,19.6
2012-09-25,0,16.0
2012-09-26,0,13.9
2012-09-27,0,15.4
2012-09-28,0,16.0
2012-09-29,0,17.6
2012-09-30,0,17.1
2012-10-01,6542,16.1
2012-10-02,7736,17.0
2012-10-03,7774,18.0
2012-10-04,5123,17.0
2012-10-05,6788,16.4
2012-10-06,870,11.7
2012-10-07,8122,8.6
2012-10-08,6192,11.2
2012-10-09,7797,15.1
2012-10-10,6286,15.2
2012-10-11,7092,16.5
2012-10-12,3344,15.1
2012-10-13,3126,9.0
2012-10-14,7741,12.3
2012-10-15,7795,13.8
2012-10-16,7762,14.8
2012-10-17,8060,13.6
2012-10-18,7913,12.0
2012-10-19,7159,13.5
2012-10-20,7481,14.6
2012-10-21,7832,14.1
2012-10-22,7685,14.0
2012-10-23,7839,15.0
2012-10-24,5429,14.4
2012-10-25,2962,8.9
2012-10-26,7057,4.8
2012-10-27,7055,6.3
2012-10-28,7023,8.6
2012-10-29,5213,10.8
2012-10-30,7824,12.0
2012-10-31,7689,12.2
2012-11-01,5809,13.2
2012-11-02,1272,11.5
2012-11-03,6641,10.3
2012-11-04,4173,9.9
2012-11-05,5890,10.8
2012-11-06,7717,12.4
2012-11-07,7967,12.0
2012-11-08,5215,11.3
2012-11-09,6839,10.3
2012-11-10,4100,8.5
2012-11-11,3532,0.0
2012-11-12,8045,0.9
2012-11-13,7852,3.6
2012-11-14,6389,2.4
2012-11-15,7532,2.8
2012-11-16,6458,4.2
2012-11-17,7508,6.0
2012-11-18,7501,6.8
2012-11-19,5978,6.4
2012-11-20,7624,7.5
2012-11-21,7706,8.2
2012-11-22,6284,7.8
2012-11-23,7567,7.2
2012-11-24,6736,7.8
2012-11-25,7765,7.0
2012-11-26,5660,6.5
2012-11-27,3937,5.9
2012-11-28,1987,5.8
2012-11-29,4699,6.6
2012-11-30,4598,6.9
2012-12-01,6041,6.6
2012-12-02,6105,6.0
2012-12-03,1858,6.9
2012-12-04,4521,4.9
2012-12-05,5593,6.7
2012-12-06,742,5.5
2012-12-07,6415,4.4
2012-12-08,7453,3.6
2012-12-09,394,0.6
2012-12-10,5783,-4.0
2012-12-11,7626,-1.9
2012-12-12,7492,0.5
2012-12-13,5698,2.3
2012-12-14,1887,1.9
2012-12-15,3789,1.5
2012-12-16,7520,-0.5
2012-12-17,6477,-1.0
2012-12-18,5175,1.2
2012-12-19,1152,0.1
2012-12-20,7710,-8.8
2012-12-21,4884,-2.8
2012-12-22,4820,-2.4
2012-12-23,7102,-2.3
2012-12-24,5164,-0.1
2012-12-25,1128,-1.4
2012-12-26,7433,-3.6
2012-12-27,6743,-2.9
2012-12-28,7709,-4.0
2012-12-29,4838,-4.8
2012-12-30,5665,-2.8
2012-12-31,3658,-2.8
2013-01-01,3748,-3.5
2013-01-02,7743,-6.5
2013-01-03,7870,-6.1
2013-01-04,7666,-2.7
2013-01-05,7830,-0.6
2013-01-06,6752,-0.5
2013-01-07,3284,1.2
2013-01-08,3186,1.2
2013-01-09,7625,2.0
2013-01-10,2155,1.3
2013-01-11,4235,-0.0
2013-01-12,7788,-10.0
2013-01-13,6057,-10.7
2013-01-14,6525,-9.6
2013-01-15,3369,-8.7
2013-01-16,7609,-0.3
2013-01-17,7724,2.3
2013-01-18,8018,0.9
2013-01-19,8060,-1.4
2013-01-20,7987,-2.7
2013-01-21,7803,-1.6
2013-01-22,8175,2.8
2013-01-23,6575,4.0
2013-01-24,6504,3.1
2013-01-25,4552,2.5
2013-01-26,3144,3.3
2013-01-27,7483,5.2
2013-01-28,3867,4.3
2013-01-29,2076,-0.8
2013-01-30,7541,-3.9
2013-01-31,8052,-0.0
2013-02-01,8004,-3.7
2013-02-02,6662,-0.2
2013-02-03,2408,3.6
2013-02-04,7223,4.4
2013-02-05,7908,4.4
2013-02-06,4261,1.2
2013-02-07,8163,3.0
2013-02-08,6841,2.9
2013-02-09,5022,4.1
2013-02-10,3593,-0.6
2013-02-11,1270,-1.4
2013-02-12,8243,-2.2
2013-02-13,4289,0.5
2013-02-14,5464,0.6
2013-02-15,6883,-0.5
2013-02-16,8368,2.1
2013-02-17,5819,2.0
2013-02-18,8549,-2.2
2013-02-19,6257,-2.9
2013-02-20,2111,1.5
2013-02-21,2026,0.5
2013-02-22,1728,-1.2
2013-02-23,6292,-3.5
2013-02-24,1503,-1.4
2013-02-25,8355,-3.5
2013-02-26,1029,-3.1
2013-02-27,7122,-3.5
2013-02-28,7017,-1.3
2013-03-01,7135,3.6
2013-03-02,8188,7.1
2013-03-03,6224,8.0
2013-03-04,4112,7.5
2013-03-05,8407,4.7
2013-03-06,7100,6.3
2013-03-07,8151,5.5
2013-03-08,2701,7.9
2013-03-09,921,3.9
2013-03-10,8060,0.3
2013-03-11,6744,1.5
2013-03-12,913,4.2
2013-03-13,6438,5.5
2013-03-14,7472,10.0
2013-03-15,6283,10.2
2013-03-16,4289,7.2
2013-03-17,6804,5.0
2013-03-18,7802,3.0
2013-03-19,5571,7.2
2013-03-20,5889,7.2
2013-03-21,5970,7.8
2013-03-22,5086,6.4
2013-03-23,1779,3.1
2013-03-24,4707,-1.1
2013-03-25,7818,0.2
2013-03-26,6726,5.1
2013-03-27,6723,9.5
2013-03-28,4870,10.2
2013-03-29,5367,10.5
2013-03-30,5437,10.7
2013-03-31,7670,10.9
2013-04-01,6963,10.9
2013-04-02,1934,8.8
2013-04-03,4165,7.7
2013-04-04,7492,11.1
2013-04-05,5809,12.2
2013-04-06,5048,12.5
2013-04-07,7157,12.4
2013-04-08,5723,11.4
2013-04-09,2479,5.9
2013-04-10,6825,1.5
2013-04-11,5601,7.6
2013-04-12,3409,8.8
2013-04-13,5348,10.9
2013-04-14,6897,11.5
2013-04-15,5193,11.7
2013-04-16,3013,12.4
2013-04-17,953,11.9
2013-04-18,3625,2.1
2013-04-19,5968,5.1
2013-04-20,3737,9.2
2013-04-21,5401,9.2
2013-04-22,5041,12.1
2013-04-23,2329,6.0
2013-04-24,5266,5.8
2013-04-25,4607,10.2
2013-04-26,5646,11.5
2013-04-27,6881,12.7
2013-04-28,6008,14.9
2013-04-29,6617,16.4
2013-04-30,4281,18.0
2013-05-01,1060,13.2
2013-05-02,6520,4.5
2013-05-03,6473,8.7
2013-05-04,6615,10.7
2013-05-05,3613,11.6
2013-05-06,3432,12.4
2013-05-07,4992,11.1
2013-05-08,2994,10.5
2013-05-09,1585,10.8
2013-05-10,4533,9.1
2013-05-11,5917,11.4
2013-05-12,5442,11.5
2013-05-13,4983,16.4
2013-05-14,5015,17.9
2013-05-15,4144,18.2
2013-05-16,5207,17.5
2013-05-17,5307,18.6
2013-05-18,3675,17.2
2013-05-19,5815,13.9
2013-05-20,3661,12.2
2013-05-21,5079,13.2
2013-05-22,5426,16.0
2013-05-23,3872,19.0
2013-05-24,6066,19.6
2013-05-25,5594,19.8
2013-05-26,5639,20.5
2013-05-27,5321,19.8
2013-05-28,4843,19.3
2013-05-29,5378,17.7
2013-05-30,6060,16.1
2013-05-31,5931,16.7
2013-06-01,5958,15.7
2013-06-02,5543,19.1
2013-06-03,5765,21.9
2013-06-04,4478,21.0
2013-06-05,1455,20.3
2013-06-06,5375,19.8
2013-06-07,3964,20.1
2013-06-08,4144,22.0
2013-06-09,5835,22.7
2013-06-10,5415,25.5
2013-06-11,5795,25.9
2013-06-12,5525,25.5
2013-06-13,4637,25.8
2013-06-14,3841,26.3
2013-06-15,4374,24.7
2013-06-16,4503,24.0
2013-06-17,5008,22.3
2013-06-18,4494,21.4
2013-06-19,5680,23.3
2013-06-20,4959,24.3
2013-06-21,5706,24.4
2013-06-22,5406,24.1
2013-06-23,5041,23.8
2013-06-24,5292,24.6
2013-06-25,5750,25.1
2013-06-26,5647,26.3
2013-06-27,5559,28.7
2013-06-28,4492,29.4
2013-06-29,2938,27.3
2013-06-30,3678,24.5
2013-07-01,4477,21.3
2013-07-02,5628,22.0
2013-07-03,4667,23.2
2013-07-04,4643,24.7
2013-07-05,4440,25.3
2013-07-06,4025,25.6
2013-07-07,5170,25.5
2013-07-08,4235,26.2
2013-07-09,4487,27.9
2013-07-10,4339,28.2
2013-07-11,5134,27.3
2013-07-12,3566,28.6
2013-07-13,4185,26.9
2013-07-14,2990,25.3
2013-07-15,1316,21.8
2013-07-16,5821,20.3
2013-07-17,5780,22.7
2013-07-18,5709,26.0
2013-07-19,5047,26.0
2013-07-20,5037,25.7
2013-07-21,5068,27.7
2013-07-22,5022,28.0
2013-07-23,6013,29.0
2013-07-24,2425,27.2
2013-07-25,3693,26.6
2013-07-26,5150,24.7
2013-07-27,3709,26.0
2013-07-28,3606,25.3
2013-07-29,5456,22.7
2013-07-30,5178,24.3
2013-07-31,5601,25.5
2013-08-01,4561,26.9
2013-08-02,4587,25.0
2013-08-03,4781,25.6
2013-08-04,5110,25.2
2013-08-05,4189,26.2
2013-08-06,4425,25.3
2013-08-07,1937,22.9
2013-08-08,3776,19.9
2013-08-09,5546,20.2
2013-08-10,4583,21.6
2013-08-11,6071,22.0
2013-08-12,4611,23.3
2013-08-13,5275,21.9
2013-08-14,5511,23.3
2013-08-15,4796,24.6
2013-08-16,6326,25.4
2013-08-17,5685,26.6
2013-08-18,4218,26.9
2013-08-19,6053,26.5
2013-08-20,6045,26.9
2013-08-21,4273,26.7
2013-08-22,5707,25.0
2013-08-23,5060,25.0
2013-08-24,4859,25.4
2013-08-25,3614,24.4
2013-08-26,4496,24.0
2013-08-27,6300,25.8
2013-08-28,6767,24.7
2013-08-29,6787,26.4
2013-08-30,4744,27.1
2013-08-31,3968,26.9
2013-09-01,4589,25.8
2013-09-02,5561,25.7
2013-09-03,4855,25.5
2013-09-04,5694,25.9
2013-09-05,6731,26.9
2013-09-06,6985,27.4
2013-09-07,6756,26.9
2013-09-08,5891,26.1
2013-09-09,4435,25.0
2013-09-10,2986,20.8
2013-09-11,1283,19.1
2013-09-12,2930,19.1
2013-09-13,2763,18.8
2013-09-14,5029,17.6
2013-09-15,3757,16.7
2013-09-16,4640,18.2
2013-09-17,7242,19.0
2013-09-18,4741,19.3
2013-09-19,7046,18.5
2013-09-20,7079,17.7
2013-09-21,7380,18.0
2013-09-22,2879,16.9
2013-09-23,7422,14.2
2013-09-24,7758,14.7
2013-09-25,7723,16.3
2013-09-26,7726,18.4
2013-09-27,3993,16.7
2013-09-28,7792,10.9
2013-09-29,7789,13.5
2013-09-30,7450,16.3
2013-10-01,7699,17.4
2013-10-02,7731,16.5
2013-10-03,7770,15.4
2013-10-04,7291,12.7
2013-10-05,7198,7.5
2013-10-06,7810,11.2
2013-10-07,7915,14.5
2013-10-08,3623,15.1
2013-10-09,6344,14.8
2013-10-10,3040,13.3
2013-10-11,7457,8.2
2013-10-12,3589,8.2
2013-10-13,6691,10.2
2013-10-14,7734,8.9
2013-10-15,696,6.3
2013-10-16,4799,5.7
2013-10-17,7864,4.2
2013-10-18,5785,5.4
2013-10-19,7726,4.8
2013-10-20,4841,8.0
2013-10-21,7939,7.2
2013-10-22,7802,9.4
2013-10-23,7867,10.5
2013-10-24,7373,11.8
2013-10-25,4114,11.1
2013-10-26,7570,10.3
2013-10-27,7296,9.3
2013-10-28,4521,9.9
2013-10-29,6753,10.0
2013-10-30,7571,7.2
2013-10-31,8028,5.6
2013-11-01,7935,6.7
2013-11-02,8122,8.0
2013-11-03,7616,8.5
2013-11-04,2116,7.9
2013-11-05,656,6.2
2013-11-06,7923,3.2
2013-11-07,7453,6.3
2013-11-08,6619,8.1
2013-11-09,6305,8.8
2013-11-10,7781,8.8
2013-11-11,7828,8.8
2013-11-12,7820,8.5
2013-11-13,6810,8.0
2013-11-14,7648,7.9
2013-11-15,6829,6.5
2013-11-16,5840,6.4
2013-11-17,7727,7.5
2013-11-18,7794,6.6
2013-11-19,4950,6.3
2013-11-20,5937,6.5
2013-11-21,591,6.2
2013-11-22,644,0.2
2013-11-23,521,0.3
2013-11-24,573,2.0
2013-11-25,2412,2.8
2013-11-26,7431,-1.1
2013-11-27,7479,-0.9
2013-11-28,5010,0.6
2013-11-29,7644,0.0
2013-11-30,7543,0.2
2013-12-01,7466,0.2
2013-12-02,4953,5.0
2013-12-03,4889,4.7
2013-12-04,283,2.7
2013-12-05,2834,-6.7
2013-12-06,6911,-8.3
2013-12-07,5770,-7.5
2013-12-08,7788,-6.5
2013-12-09,7862,-13.2
2013-12-10,7574,-10.2
2013-12-11,7627,-5.9
2013-12-12,7710,-5.0
2013-12-13,7457,-4.0
2013-12-14,7503,-3.6
2013-12-15,7427,-2.8
2013-12-16,7354,-1.2
2013-12-17,7379,-0.8
2013-12-18,5817,-0.6
2013-12-19,4710,0.9
2013-12-20,4412,0.7
2013-12-21,3730,-2.7
2013-12-22,7547,-2.1
2013-12-23,7512,-1.7
2013-12-24,6942,-0.3
2013-12-25,7577,-1.5
2013-12-26,6417,0.3
2013-12-27,7404,2.1
2013-12-28,4740,3.0
2013-12-29,1857,1.2
2013-12-30,7502,-0.6
2013-12-31,6996,0.7
2014-01-01,7672,1.8
2014-01-02,5781,0.2
2014-01-03,7577,2.0
2014-01-04,658,2.3
2014-01-05,4772,-6.5
2014-01-06,7636,-4.8
2014-01-07,1174,0.2
2014-01-08,4323,0.1
2014-01-09,6567,-0.8
2014-01-10,5629,-0.2
2014-01-11,5090,2.8
2014-01-12,5380,2.3
2014-01-13,6579,-1.0
2014-01-14,5687,0.6
2014-01-15,4230,-1.6
2014-01-16,6277,-0.5
2014-01-17,7659,1.6
2014-01-18,7844,3.0
2014-01-19,7849,3.2
2014-01-20,7903,2.1
2014-01-21,8205,-1.9
2014-01-22,5088,-4.3
2014-01-23,5768,-3.7
2014-01-24,7902,-4.7
2014-01-25,7794,-0.0
2014-01-26,7890,2.0
2014-01-27,6448,1.7
2014-01-28,8177,-0.5
2014-01-29,7068,0.6
2014-01-30,1864,5.7
2014-01-31,2098,5.1
2014-02-01,894,0.6
2014-02-02,8261,-4.3
2014-02-03,7534,-2.9
2014-02-04,1121,-1.6
2014-02-05,4895,-5.5
2014-02-06,8050,-5.3
2014-02-07,8002,-3.4
2014-02-08,6987,-1.5
2014-02-09,3316,3.4
2014-02-10,1536,3.4
2014-02-11,5474,0.5
2014-02-12,6047,2.1
2014-02-13,7303,5.9
2014-02-14,5034,4.8
2014-02-15,6052,8.3
2014-02-16,6152,6.8
2014-02-17,7974,4.4
2014-02-18,8338,2.9
2014-02-19,6978,4.3
2014-02-20,8015,0.0
2014-02-21,8438,-0.6
2014-02-22,8440,2.5
2014-02-23,7761,3.7
2014-02-24,8336,0.3
2014-02-25,7823,1.0
2014-02-26,7970,3.4
2014-02-27,5380,4.3
2014-02-28,7022,5.8
2014-03-01,1118,7.2
2014-03-02,3615,5.2
2014-03-03,7590,4.9
2014-03-04,4808,6.4
2014-03-05,8022,7.8
2014-03-06,5906,7.9
2014-03-07,2360,7.7
2014-03-08,7807,4.9
2014-03-09,7816,7.7
2014-03-10,6790,10.2
2014-03-11,5337,9.2
2014-03-12,8257,4.1
2014-03-13,7497,6.8
2014-03-14,7935,8.4
2014-03-15,3654,6.4
2014-03-16,8069,6.6
2014-03-17,7038,8.0
2014-03-18,4596,2.4
2014-03-19,8104,3.0
2014-03-20,7728,2.7
2014-03-21,4862,5.8
2014-03-22,5115,6.6
2014-03-23,7932,6.1
2014-03-24,7396,8.4
2014-03-25,7916,9.0
2014-03-26,6730,9.8
2014-03-27,7170,8.1
2014-03-28,7599,7.1
2014-03-29,7624,8.0
2014-03-30,3939,11.1
2014-03-31,7544,8.1
2014-04-01,5693,9.8
2014-04-02,6988,10.3
2014-04-03,3261,5.9
2014-04-04,5394,4.4
2014-04-05,4088,6.8
2014-04-06,4605,7.1
2014-04-07,5866,7.1
2014-04-08,7383,10.6
2014-04-09,6758,12.6
2014-04-10,6969,14.7
2014-04-11,7129,14.3
2014-04-12,3958,14.8
2014-04-13,745,11.5
2014-04-14,5066,2.7
2014-04-15,6528,5.0
2014-04-16,4253,11.2
2014-04-17,5972,9.2
2014-04-18,5795,13.1
2014-04-19,5581,13.7
2014-04-20,4556,12.8
2014-04-21,6474,13.6
2014-04-22,4951,14.8
2014-04-23,5667,16.2
2014-04-24,6705,11.3
2014-04-25,6519,13.3
2014-04-26,5260,14.4
2014-04-27,4442,8.4
2014-04-28,4260,7.5
2014-04-29,4855,6.6
2014-04-30,6333,7.6
2014-05-01,6553,9.0
2014-05-02,5472,12.1
2014-05-03,6277,15.5
2014-05-04,5138,17.3
2014-05-05,6276,17.9
2014-05-06,6180,17.0
2014-05-07,5504,15.1
2014-05-08,5520,11.1
2014-05-09,4988,11.0
2014-05-10,4146,13.9
2014-05-11,1308,13.9
2014-05-12,2190,6.1
2014-05-13,4550,4.0
2014-05-14,4510,6.1
2014-05-15,4130,10.5
2014-05-16,4930,14.6
2014-05-17,5366,16.7
2014-05-18,5167,19.4
2014-05-19,6274,20.3
2014-05-20,6213,19.3
2014-05-21,4001,19.0
2014-05-22,3629,19.3
2014-05-23,5003,17.2
2014-05-24,4565,16.7
2014-05-25,3859,14.6
2014-05-26,4840,15.4
2014-05-27,5506,19.3
2014-05-28,5606,22.4
2014-05-29,4341,22.1
2014-05-30,3470,20.3
2014-05-31,5258,19.1
2014-06-01,5830,21.6
2014-06-02,5898,20.6
2014-06-03,5084,23.0
2014-06-04,5924,22.4
2014-06-05,5740,22.5
2014-06-06,4869,22.3
2014-06-07,2997,20.7
2014-06-08,2971,20.3
2014-06-09,5979,16.3
2014-06-10,4099,19.6
2014-06-11,4129,21.4
2014-06-12,4693,20.3
2014-06-13,5824,22.1
2014-06-14,5431,23.1
2014-06-15,5700,18.9
2014-06-16,5637,21.8
2014-06-17,5633,23.1
2014-06-18,5287,22.8
2014-06-19,5786,20.5
2014-06-20,5770,23.4
2014-06-21,4593,24.8
2014-06-22,3647,24.3
2014-06-23,4873,23.1
2014-06-24,4902,23.7
2014-06-25,5296,25.0
2014-06-26,5076,25.3
2014-06-27,5636,25.1
2014-06-28,5725,22.1
2014-06-29,5682,25.1
2014-06-30,5512,27.1
2014-07-01,4471,22.0
2014-07-02,3558,20.4
2014-07-03,4587,22.4
2014-07-04,4277,24.6
2014-07-05,4434,24.7
2014-07-06,5349,26.3
2014-07-07,3529,26.6
2014-07-08,3143,25.5
2014-07-09,4739,24.6
2014-07-10,4445,25.1
2014-07-11,3363,25.2
2014-07-12,4250,23.1
2014-07-13,4875,22.1
2014-07-14,3939,21.3
2014-07-15,3645,21.8
2014-07-16,4850,22.8
2014-07-17,5534,20.8
2014-07-18,4063,22.9
2014-07-19,4485,24.6
2014-07-20,5411,24.9
2014-07-21,3872,25.4
2014-07-22,5840,26.6
2014-07-23,5623,27.4
2014-07-24,5395,26.8
2014-07-25,3666,25.7
2014-07-26,4134,24.9
2014-07-27,4315,25.2
2014-07-28,2918,23.0
2014-07-29,3655,21.2
2014-07-30,1900,18.7
2014-07-31,1838,18.7
2014-08-01,2885,19.1
2014-08-02,6017,19.7
2014-08-03,5812,21.7
2014-08-04,4455,23.4
2014-08-05,5306,21.2
2014-08-06,5347,22.4
2014-08-07,4560,23.8
2014-08-08,5439,23.0
2014-08-09,4563,24.4
2014-08-10,4702,23.2
2014-08-11,6022,22.8
2014-08-12,5626,23.7
2014-08-13,5252,25.6
2014-08-14,5134,24.5
2014-08-15,5299,22.6
2014-08-16,5855,24.6
2014-08-17,4384,24.9
2014-08-18,5447,24.7
2014-08-19,4528,25.0
2014-08-20,4832,23.5
2014-08-21,5101,24.2
2014-08-22,1907,23.1
2014-08-23,5999,19.5
2014-08-24,6453,21.2
2014-08-25,5362,22.7
2014-08-26,2708,22.0
2014-08-27,5682,20.2
2014-08-28,4294,18.3
2014-08-29,6443,19.2
2014-08-30,6231,22.1
2014-08-31,6750,22.7
2014-09-01,7041,22.4
2014-09-02,7086,22.9
2014-09-03,6929,24.6
2014-09-04,3944,24.6
2014-09-05,3393,20.9
2014-09-06,5684,19.7
2014-09-07,5599,21.7
2014-09-08,2493,21.7
2014-09-09,4030,20.8
2014-09-10,5707,18.7
2014-09-11,7383,19.3
2014-09-12,2064,16.9
2014-09-13,7422,18.2
2014-09-14,7038,20.7
2014-09-15,7197,21.5
2014-09-16,6550,20.6
2014-09-17,5151,22.3
2014-09-18,7362,22.3
2014-09-19,7470,22.9
2014-09-20,7214,23.2
2014-09-21,2172,19.9
2014-09-22,3372,18.8
2014-09-23,4398,17.9
2014-09-24,7337,19.8
2014-09-25,7401,21.6
2014-09-26,7489,22.0
2014-09-27,7176,22.2
2014-09-28,4614,19.0
2014-09-29,3084,17.0
2014-09-30,7099,12.7
2014-10-01,4325,13.0
2014-10-02,7833,11.7
2014-10-03,6656,13.0
2014-10-04,7754,14.6
2014-10-05,7777,15.7
2014-10-06,7253,15.9
2014-10-07,6396,16.5
2014-10-08,6055,17.6
2014-10-09,757,16.5
2014-10-10,1346,12.1
2014-10-11,5898,14.0
2014-10-12,3120,12.7
2014-10-13,7872,8.4
2014-10-14,7858,11.8
2014-10-15,4700,14.8
2014-10-16,7233,15.0
2014-10-17,6166,14.4
2014-10-18,4675,15.5
2014-10-19,6963,15.1
2014-10-20,7588,15.4
2014-10-21,6111,13.9
2014-10-22,7149,13.4
2014-10-23,7671,13.4
2014-10-24,7614,14.8
2014-10-25,7881,15.5
2014-10-26,7738,15.9
2014-10-27,6391,14.8
2014-10-28,8019,9.6
2014-10-29,7979,10.4
2014-10-30,7796,11.3
2014-10-31,6475,11.3
2014-11-01,3337,11.8
2014-11-02,3281,11.9
2014-11-03,7948,8.4
2014-11-04,7985,6.9
2014-11-05,7731,8.6
2014-11-06,7752,10.5
2014-11-07,3152,11.0
2014-11-08,7912,10.2
2014-11-09,5307,10.1
2014-11-10,5561,10.2
2014-11-11,685,5.4
2014-11-12,3224,3.0
2014-11-13,5448,0.1
2014-11-14,5011,6.1
2014-11-15,5105,5.2
2014-11-16,7952,-0.0
2014-11-17,7971,-5.2
2014-11-18,5679,-3.3
2014-11-19,7247,-0.3
2014-11-20,5093,2.1
2014-11-21,7686,2.9
2014-11-22,5342,1.7
2014-11-23,2112,1.2
2014-11-24,4423,-3.5
2014-11-25,2373,-3.2
2014-11-26,6249,5.9
2014-11-27,5800,3.2
2014-11-28,4845,3.7
2014-11-29,7791,3.7
2014-11-30,3183,4.3
2014-12-01,7030,3.0
2014-12-02,5820,0.5
2014-12-03,6456,2.7
2014-12-04,1841,4.3
2014-12-05,6858,3.9
2014-12-06,3520,4.6
2014-12-07,7219,1.8
2014-12-08,4542,0.8
2014-12-09,7812,0.8
2014-12-10,7643,0.9
2014-12-11,7609,1.1
2014-12-12,7254,0.7
2014-12-13,4765,1.6
2014-12-14,1027,2.9
2014-12-15,7714,-4.6
2014-12-16,5172,-5.5
2014-12-17,1903,-3.5
2014-12-18,7394,-1.7
2014-12-19,7653,-4.5
2014-12-20,6158,-4.8
2014-12-21,2913,-2.5
2014-12-22,3578,1.8
2014-12-23,4932,-5.8
2014-12-24,4351,-6.5
2014-12-25,7556,-3.8
2014-12-26,2750,-4.6
2014-12-27,7829,-7.0
2014-12-28,7667,-9.8
2014-12-29,1057,-9.0
2014-12-30,6232,-11.0
2014-12-31,7505,-10.0
2015-01-01,2058,-4.8
2015-01-02,7543,-3.7
2015-01-03,2335,-4.8
2015-01-04,7418,-4.9
2015-01-05,1011,-2.0
2015-01-06,6778,2.2
2015-01-07,762,1.8
2015-01-08,7063,1.2
2015-01-09,956,1.9
2015-01-10,6865,-0.7
2015-01-11,3097,-0.2
2015-01-12,625,0.6
2015-01-13,1788,-0.2
2015-01-14,5658,1.5
2015-01-15,7679,-1.2
2015-01-16,2468,-2.0
2015-01-17,7973,1.1
2015-01-18,6457,-2.2
2015-01-19,6657,-0.2
2015-01-20,1046,1.2
2015-01-21,859,-1.9
2015-01-22,8058,-4.8
2015-01-23,6341,-4.5
2015-01-24,2752,-0.8
2015-01-25,7522,1.4
2015-01-26,7595,4.3
2015-01-27,7407,3.7
2015-01-28,7568,1.8
2015-01-29,2464,2.2
2015-01-30,1233,2.1
2015-01-31,1661,4.1
2015-02-01,5157,-0.1
2015-02-02,7747,-1.1
2015-02-03,7287,-0.0
2015-02-04,1126,1.9
2015-02-05,5665,2.9
2015-02-06,7209,1.6
2015-02-07,7808,2.7
2015-02-08,7866,4.0
2015-02-09,7902,2.9
2015-02-10,7784,2.9
2015-02-11,3762,5.0
2015-02-12,4883,-1.1
2015-02-13,7776,2.9
2015-02-14,6517,3.1
2015-02-15,4131,1.9
2015-02-16,929,0.6
2015-02-17,8072,-3.9
2015-02-18,8157,-2.3
2015-02-19,8157,0.1
2015-02-20,7047,1.0
2015-02-21,1447,-0.7
2015-02-22,1340,-4.8
2015-02-23,4527,-6.0
2015-02-24,8427,-0.6
2015-02-25,3839,-0.9
2015-02-26,1473,-0.3
2015-02-27,7216,-3.9
2015-02-28,4806,-3.0
2015-03-01,3731,1.8
2015-03-02,6127,6.4
2015-03-03,4859,4.3
2015-03-04,2150,-1.5
2015-03-05,6709,-4.2
2015-03-06,8235,-0.1
2015-03-07,8186,3.5
2015-03-08,5797,3.7
2015-03-09,7259,4.9
2015-03-10,8158,4.8
2015-03-11,7340,7.3
2015-03-12,4859,6.4
2015-03-13,2727,6.5
2015-03-14,7958,6.5
2015-03-15,7849,7.7
2015-03-16,7996,9.4
2015-03-17,1548,10.5
2015-03-18,3188,10.1
2015-03-19,1107,8.5
2015-03-20,7256,7.0
2015-03-21,8012,6.9
2015-03-22,5895,7.1
2015-03-23,6929,8.4
2015-03-24,7803,7.2
2015-03-25,2954,5.5
2015-03-26,6841,3.9
2015-03-27,6045,7.5
2015-03-28,7520,8.5
2015-03-29,7697,10.2
2015-03-30,6424,8.8
2015-03-31,7407,9.3
2015-04-01,5990,9.8
2015-04-02,2767,9.1
2015-04-03,7216,6.8
2015-04-04,7692,7.3
2015-04-05,7507,9.3
2015-04-06,7586,9.8
2015-04-07,7342,11.0
2015-04-08,7345,10.9
2015-04-09,6743,6.3
2015-04-10,5883,9.0
2015-04-11,5628,10.1
2015-04-12,6020,10.5
2015-04-13,6461,10.0
2015-04-14,6987,11.3
2015-04-15,6976,11.3
2015-04-16,1658,5.7
2015-04-17,3967,5.8
2015-04-18,5726,1.9
2015-04-19,6149,5.4
2015-04-20,6120,6.7
2015-04-21,6189,6.4
2015-04-22,4759,10.4
2015-04-23,4386,8.9
2015-04-24,4439,9.3
2015-04-25,5000,9.7
2015-04-26,1746,8.1
2015-04-27,2476,8.6
2015-04-28,6392,8.3
2015-04-29,6684,12.3
2015-04-30,6298,15.0
2015-05-01,4630,14.9
2015-05-02,4647,14.7
2015-05-03,4103,14.0
2015-05-04,4641,14.2
2015-05-05,1909,13.0
2015-05-06,4552,12.2
2015-05-07,4135,11.9
2015-05-08,3321,12.1
2015-05-09,3125,11.3
2015-05-10,4755,7.8
2015-05-11,6252,9.9
2015-05-12,5149,13.4
2015-05-13,3357,13.8
2015-05-14,4462,13.1
2015-05-15,4955,12.9
2015-05-16,4969,10.4
2015-05-17,4769,11.4
2015-05-18,1539,12.3
2015-05-19,2211,10.5
2015-05-20,1947,10.9
2015-05-21,3484,13.2
2015-05-22,4901,13.4
2015-05-23,4519,13.2
2015-05-24,4275,10.4
2015-05-25,4247,11.1
2015-05-26,4613,13.6
2015-05-27,4483,15.0
2015-05-28,4079,15.4
2015-05-29,4583,15.2
2015-05-30,5852,16.6
2015-05-31,3756,18.3
2015-06-01,4897,18.2
2015-06-02,5546,19.3
2015-06-03,5714,19.3
2015-06-04,5932,18.9
2015-06-05,3841,20.7
2015-06-06,3924,18.0
2015-06-07,2723,17.0
2015-06-08,5699,18.0
2015-06-09,5282,20.9
2015-06-10,4437,20.9
2015-06-11,4775,18.0
2015-06-12,5044,16.6
2015-06-13,4916,17.9
2015-06-14,4101,19.0
2015-06-15,4636,18.0
2015-06-16,4083,19.8
2015-06-17,4242,20.1
2015-06-18,5175,22.3
2015-06-19,5506,22.6
2015-06-20,5710,23.9
2015-06-21,5649,24.6
2015-06-22,5834,25.3
2015-06-23,5432,24.8
2015-06-24,3946,24.9
2015-06-25,5014,24.2
2015-06-26,5536,23.2
2015-06-27,5496,23.1
2015-06-28,4079,23.8
2015-06-29,5374,22.5
2015-06-30,5627,23.8
2015-07-01,4398,25.1
2015-07-02,4169,22.8
2015-07-03,4814,22.0
2015-07-04,4653,22.8
2015-07-05,4119,23.0
2015-07-06,3055,20.4
2015-07-07,1794,18.5
2015-07-08,2939,17.9
2015-07-09,4980,18.4
2015-07-10,5266,20.9
2015-07-11,5270,19.9
2015-07-12,4875,21.5
2015-07-13,4297,22.5
2015-07-14,3151,20.7
2015-07-15,4729,21.6
2015-07-16,4885,21.6
2015-07-17,4999,22.5
2015-07-18,4221,22.0
2015-07-19,4014,21.6
2015-07-20,3651,21.1
2015-07-21,5427,18.6
2015-07-22,5648,21.4
2015-07-23,5205,23.5
2015-07-24,4662,24.5
2015-07-25,5863,23.8
2015-07-26,4707,25.3
2015-07-27,4953,23.0
2015-07-28,5982,24.1
2015-07-29,5670,23.9
2015-07-30,5491,23.6
2015-07-31,5557,23.5
2015-08-01,4510,23.7
2015-08-02,4205,22.7
2015-08-03,3759,21.4
2015-08-04,5536,22.2
2015-08-05,6153,24.1
2015-08-06,6289,24.7
2015-08-07,4276,23.9
2015-08-08,4774,23.0
2015-08-09,6242,21.2
2015-08-10,4973,22.4
2015-08-11,4581,21.5
2015-08-12,6092,22.7
2015-08-13,5830,24.0
2015-08-14,5325,23.3
2015-08-15,4984,24.2
2015-08-16,4604,24.5
2015-08-17,4468,24.5
2015-08-18,6405,21.4
2015-08-19,5238,19.8
2015-08-20,6487,20.9
2015-08-21,6116,22.1
2015-08-22,4799,23.2
2015-08-23,5861,22.3
2015-08-24,6545,23.5
2015-08-25,4211,24.7
2015-08-26,4391,24.3
2015-08-27,6381,21.8
2015-08-28,6631,21.7
2015-08-29,6759,22.8
2015-08-30,6034,23.5
2015-08-31,5055,22.0
2015-09-01,5959,21.3
2015-09-02,5472,20.7
2015-09-03,3659,19.7
2015-09-04,3212,18.1
2015-09-05,3826,20.2
2015-09-06,6018,19.9
2015-09-07,5106,21.0
2015-09-08,6210,20.3
2015-09-09,7314,20.5
2015-09-10,7339,22.3
2015-09-11,5870,20.4
2015-09-12,7333,21.0
2015-09-13,7386,22.0
2015-09-14,5831,21.3
2015-09-15,5816,19.7
2015-09-16,7364,19.6
2015-09-17,7431,20.3
2015-09-18,7461,20.3
2015-09-19,7475,18.9
2015-09-20,7629,19.5
2015-09-21,6627,20.2
2015-09-22,3830,21.3
2015-09-23,6798,20.7
2015-09-24,7367,20.5
2015-09-25,7453,20.6
2015-09-26,7566,21.1
2015-09-27,7614,21.5
2015-09-28,4886,21.5
2015-09-29,5033,20.4
2015-09-30,2414,19.8
2015-10-01,5855,20.7
2015-10-02,2117,20.8
2015-10-03,7657,18.9
2015-10-04,4341,16.7
2015-10-05,5377,16.8
2015-10-06,6420,16.5
2015-10-07,4586,15.6
2015-10-08,7492,16.2
2015-10-09,6626,16.7
2015-10-10,7336,18.3
2015-10-11,7320,18.4
2015-10-12,7757,18.5
2015-10-13,7770,18.1
2015-10-14,7755,17.9
2015-10-15,7270,17.3
2015-10-16,6818,14.7
2015-10-17,6082,15.9
2015-10-18,6859,15.0
2015-10-19,2960,14.2
2015-10-20,3259,13.9
2015-10-21,677,11.2
2015-10-22,3905,9.7
2015-10-23,2928,9.4
2015-10-24,7665,11.4
2015-10-25,7256,11.1
2015-10-26,2923,12.2
2015-10-27,7503,8.7
2015-10-28,4347,8.9
2015-10-29,4819,10.5
2015-10-30,3207,9.0
2015-10-31,7842,8.9
2015-11-01,7767,10.8
2015-11-02,7860,10.8
2015-11-03,7901,10.7
2015-11-04,5657,11.3
2015-11-05,5607,4.6
2015-11-06,6378,4.5
2015-11-07,8115,4.4
2015-11-08,8178,5.9
2015-11-09,6645,6.4
2015-11-10,7915,6.9
2015-11-11,7780,5.4
2015-11-12,7945,4.1
2015-11-13,8112,5.9
2015-11-14,8110,6.5
2015-11-15,4837,6.1
2015-11-16,3005,5.2
2015-11-17,5012,2.9
2015-11-18,7692,1.1
2015-11-19,7457,1.2
2015-11-20,7475,2.7
2015-11-21,8030,-1.0
2015-11-22,7600,0.3
2015-11-23,7718,2.0
2015-11-24,7548,1.4
2015-11-25,4639,1.7
2015-11-26,398,5.5
2015-11-27,2313,-0.5
2015-11-28,5058,1.5
2015-11-29,688,0.6
2015-11-30,7692,-3.2
2015-12-01,7194,-7.6
2015-12-02,7582,-3.6
2015-12-03,7489,-2.7
2015-12-04,6754,-1.7
2015-12-05,4891,-1.4
2015-12-06,5644,-3.9
2015-12-07,4093,-1.9
2015-12-08,2760,1.7
2015-12-09,3313,1.8
2015-12-10,5098,2.3
2015-12-11,2780,3.7
2015-12-12,537,1.9
2015-12-13,4682,-1.0
2015-12-14,7289,-3.8
2015-12-15,1498,-4.8
2015-12-16,7511,-7.9
2015-12-17,6370,-9.0
2015-12-18,7221,-5.9
2015-12-19,4758,-1.8
2015-12-20,5622,-1.2
2015-12-21,7482,-2.9
2015-12-22,6345,-1.9
2015-12-23,7523,-1.7
2015-12-24,7053,-7.1
2015-12-25,1475,-3.2
2015-12-26,4858,-8.7
2015-12-27,7186,-8.9
2015-12-28,4597,-6.7
2015-12-29,5990,-7.0
2015-12-30,5379,-6.6
2015-12-31,7595,-8.4